date,open,high,low,close,earn_rate,,,,,
 2018/01/02,1000,1018.77,987.05,1003.44,0.0034,,,,,
 2018/01/03,1003.36,1024.56,995.26,1013.68,0.0103,,,,,
 2018/01/04,1011.96,1023.63,998.31,1007.48,-0.0044,,,,,
 2018/01/05,1010.87,1033.87,1000.51,1013.13,0.0022,,,,,
 2018/01/08,1017.21,1031.91,995.83,1013.83,-0.0033,,,,,
 2018/01/09,1013.91,1024.32,993.19,1002.6,-0.0112,,,,,
 2018/01/10,1004.31,1019.97,983,999.88,-0.0044,,,,,
 2018/01/11,999.22,1040.12,988.04,1029.52,0.0303,,,,,
 2018/01/12,1029.9,1040.54,1007.06,1016.44,-0.0131,,,,,
 2018/01/15,1009.59,1018.53,969.99,982.46,-0.0269,,,,=,
 2018/01/16,981.2,1004.28,970.25,990.85,0.0098,,,,,
 2018/01/17,986.55,1002.05,958.74,990.78,0.0043,,,,,
 2018/01/18,985.7,1008.57,974.96,987.07,0.0014,,,,,
 2018/01/19,988.2,1004.69,976.9,991.65,0.0035,,,,,
 2018/01/22,991.42,1021.54,975.71,1009.55,0.0183,,,,,
 2018/01/23,1005.78,1019.89,996.38,1005.33,-0.0004,,,,,
 2018/01/24,1004.48,1050.79,989.95,1041.75,0.0371,,,,,
 2018/01/25,1039.51,1073.43,1028.16,1038.97,-0.0005,,,,,
 2018/01/26,1035.42,1063.21,1029.55,1045.26,0.0095,,,,,
 2018/01/29,1041.62,1067.12,1022.4,1035.66,-0.0057,,,,,
 2018/01/30,1033.51,1059.4,1016.94,1036.27,0.0027,,,,,
 2018/01/31,1030.44,1042.23,1000.14,1013.8,-0.0161,,,,,
 2018/02/01,1010.93,1032.56,971.62,981.92,-0.0287,,,,,
 2018/02/02,967.63,998.77,939.11,981.61,0.0144,,,,,
 2018/02/05,968.04,993.89,954.49,971.75,0.0038,,,,,
 2018/02/06,948.44,968.66,899.79,908.71,-0.0419,,,,,
 2018/02/07,928.79,945.73,880.5,913.04,-0.017,,,,,
 2018/02/08,910.65,942.53,903.96,927.37,0.0184,,,,,
 2018/02/09,896.94,932.9,875.86,901.01,0.0045,,,,,
 2018/02/12,905.79,941.33,899.3,928.66,0.0252,,,,,
 2018/02/13,930.77,946.4,914.11,924.4,-0.0068,,,,,
 2018/02/14,921.85,929.23,902.62,914.2,-0.0083,,,,,
 2018/02/22,925.34,944.16,915.6,935.2,0.0107,,,,,
 2018/02/23,938.44,944.62,921.58,930.75,-0.0082,,,,,
 2018/02/26,938.28,957.75,923.93,949.85,0.0123,,,,,
 2018/02/27,950.13,987.32,940.75,972.18,0.0232,,,,,
 2018/02/28,965.76,994.34,952.73,981.55,0.0163,,,,,
 2018/03/01,973.52,1002.94,966.5,993.99,0.021,,,,,
 2018/03/02,985.65,1008.3,973.73,981.58,-0.0041,,,,,
 2018/03/05,984.88,996.75,969,988.39,0.0036,,,date,rate,close
 2018/03/06,989.56,1020.88,974.01,994.71,0.0052,,,2018/3/30,0,1012.04
 2018/03/07,995.42,1006.83,977.32,988.07,-0.0074,,,2018/6/29,-0.194280858,815.42
 2018/03/08,987.27,1000.16,975.67,988.58,0.0013,,,2018/9/28,-0.110728214,725.13
 2018/03/09,989.09,1037.12,980.85,1027.45,0.0388,,,2018/12/31,-0.106863597,647.64
 2018/03/12,1030.57,1064.63,1020.86,1045.99,0.015,,,2019/3/29,0.352217281,875.75
 2018/03/13,1043.32,1058.66,1025.1,1034.08,-0.0089,,,2019/6/28,-0.127433628,764.15
 2018/03/14,1030.61,1038.53,1008.57,1012.28,-0.0178,,,2019/9/30,0.024118301,782.58
 2018/03/15,1008.12,1023.64,988.6,1014.71,0.0065,,,2019/12/31,0.140292366,892.37
 2018/03/16,1013.5,1031,996.37,1005.47,-0.0079,,,2020/3/31,-0.056568464,841.89
 2018/03/19,1009.07,1032.82,998.43,1018.31,0.0092,,,2020/6/30,0.188718241,1000.77
 2018/03/20,1006.15,1023.63,988.78,1013.25,0.0071,,,2020/9/30,-0.017866243,982.89
 2018/03/21,1013.13,1028.39,986.66,993.04,-0.0198,,,2020/12/31,-0.092207673,892.26
 2018/03/22,992.39,1009.98,977.73,991.99,-0.0004,,,2021/3/31,-0.092215274,809.98
 2018/03/23,959.72,982.69,917.35,939.35,-0.0212,,,2021/6/30,0.037988592,840.75
 2018/03/26,925.87,960.77,906.43,951.28,0.0274,,,2021/9/30,-0.121724651,738.41
 2018/03/27,962.51,997.09,957.64,988.46,0.027,,,2021/12/31,0.162091521,858.1
 2018/03/28,973.46,999.17,962.42,979.99,0.0067,,,2022/3/31,-0.14963291,729.7
 2018/03/29,982.57,1002.41,969.27,989.32,0.0069,,,2022/6/30,-0.019994518,715.11
 2018/03/30,994.87,1024.08,986.03,1012.04,0.0173,,,2022/9/30,-0.147208122,609.84
 2018/04/02,1017.47,1032.28,994.74,1007.01,-0.0103,,,2022/12/30,0.108913813,676.26
 2018/04/03,991.81,1008.9,971.11,987.15,-0.0047,,,2023/3/31,0.378552628,932.26
 2018/04/04,992.64,1002.89,963.13,971.15,-0.0216,,,2023/6/30,0.053879819,982.49
 2018/04/09,971.1,989.75,951.58,971.89,0.0008,,,2023/9/28,-0.162597075,822.74
 2018/04/10,974.65,987.17,950.42,972.93,-0.0018,,,2023/12/29,-0.029462528,798.5
 2018/04/11,974.01,995.37,962.22,976.23,0.0023,,,,,
 2018/04/12,974.37,993.03,966.36,977.91,0.0036,,,,,
 2018/04/13,984.31,998.12,967.54,979.05,-0.0053,,,,,
 2018/04/16,980.52,1009.17,960.85,988.56,0.0082,,,,,
 2018/04/17,991.35,1002.22,950.1,957.03,-0.0346,,,,,
 2018/04/18,963.29,984.97,933.52,970.9,0.0079,,,,,
 2018/04/19,969.65,980.59,953.13,963.2,-0.0067,,,,,
 2018/04/20,961.35,979.31,933.82,946.22,-0.0157,,,,,
 2018/04/23,946.49,962.73,911.25,931.99,-0.0153,,,,,
 2018/04/24,933.16,968.31,926.44,962.04,0.0309,,,,,
 2018/04/25,958.95,979,947.82,961.16,0.0023,,,,,
 2018/04/26,964.52,976.44,936.29,942.46,-0.0229,,,,,
 2018/04/27,945.34,964.35,917.61,943.24,-0.0022,,,,,
 2018/05/02,943.56,958.05,914.97,931.52,-0.0128,,,,,
 2018/05/03,932.26,953.48,913.98,947.19,0.016,,,,,
 2018/05/04,944.96,956.47,926.04,931.96,-0.0138,,,,,
 2018/05/07,935.71,957.11,929.11,949.62,0.0149,,,,,
 2018/05/08,950.67,960.41,939.06,952.15,0.0016,,,,,
 2018/05/09,952.07,961.32,934.25,943.74,-0.0087,,,,,
 2018/05/10,944.58,959.87,928.93,949.06,0.0047,,,,,
 2018/05/11,949.72,958.62,930.92,935.73,-0.0147,,,,,
 2018/05/14,933.43,944.68,905.68,916.01,-0.0187,,,,,
 2018/05/15,919.35,944.04,909.74,938.1,0.0204,,,,,
 2018/05/16,934.17,947.95,920.34,932.23,-0.0021,,,,,
 2018/05/17,932.02,946.83,919.05,927.85,-0.0045,,,,,
 2018/05/18,929.06,942.55,917.91,934.25,0.0056,,,,,
 2018/05/21,939.75,953.46,930.92,944.35,0.0049,,,,,
 2018/05/22,945.08,954.26,928.17,940.84,-0.0045,,,,,
 2018/05/23,938.27,945.42,918.42,923.72,-0.0155,,,,,
 2018/05/24,920.96,932.58,908.87,916.73,-0.0046,,,,,
 2018/05/25,917.34,925.87,895.71,906.33,-0.012,,,,,
 2018/05/28,904.68,916.05,880.85,891.6,-0.0145,,,,,
 2018/05/29,891.66,906.75,879.74,890.5,-0.0013,,,,,
 2018/05/30,876.32,894.32,850.88,862.41,-0.0159,,,,,
 2018/05/31,868.93,883.22,849.76,870.49,0.0018,,,,,
 2018/06/01,865.29,879.19,851.65,864.36,-0.0011,,,,,
 2018/06/04,865.19,875.15,844.93,857.71,-0.0086,,,,,
 2018/06/05,857.34,880.17,850.32,877.1,0.023,,,,,
 2018/06/06,875.67,885.78,861.6,873.64,-0.0023,,,,,
 2018/06/07,875.42,890.39,859.92,872.5,-0.0033,,,,,
 2018/06/08,869.08,875.62,849.43,861.3,-0.009,,,,,
 2018/06/11,860.09,870.54,844.98,852.74,-0.0085,,,,,
 2018/06/12,855.04,872.48,838.04,865.83,0.0126,,,,,
 2018/06/13,864.3,870.64,844.84,850.64,-0.0158,,,,,
 2018/06/14,847.73,862.1,833.01,843.97,-0.0044,,,,,
 2018/06/15,844.4,850.89,809.91,820.4,-0.0284,,,,,
 2018/06/19,804.53,818.94,761.7,776.08,-0.0354,,,,,
 2018/06/20,772.18,797.09,762.9,786.94,0.0191,,,,,
 2018/06/21,786.49,796.29,760.3,766.72,-0.0251,,,,,
 2018/06/22,759.24,792.39,750.37,785.5,0.0346,,,,,
 2018/06/25,792.42,798.61,771.41,776.32,-0.0203,,,,,
 2018/06/26,764.87,797.57,756.86,786.77,0.0286,,,,,
 2018/06/27,785.71,794.91,770.03,780.84,-0.0062,,,,,
 2018/06/28,780.88,802.45,772.55,782.19,0.0017,,,,,
 2018/06/29,785.55,819.89,780.9,815.42,0.038,,,,,
 2018/07/02,815.41,824.69,791.73,803.49,-0.0146,,,,,
 2018/07/03,803.77,823.55,782.24,813.5,0.0121,,,,,
 2018/07/04,809.09,818.51,787.9,795.77,-0.0165,,,,,
 2018/07/05,794.04,807.49,775.81,781.43,-0.0159,,,,,
 2018/07/06,780.14,800.15,761.08,779.84,-0.0004,,,,,
 2018/07/09,781.79,801.81,777.21,798.14,0.0209,,,,,
 2018/07/10,797.93,807.29,787.9,800.15,0.0028,,,,,
 2018/07/11,785.54,793.87,760.36,780.22,-0.0068,,,,,
 2018/07/12,780.59,815.67,776.41,802.91,0.0286,,,,,
 2018/07/13,800.74,815.9,790.4,805.51,0.006,,,,,
 2018/07/16,805.03,825.14,792.45,811.45,0.008,,,,,
 2018/07/17,812.08,819.32,796.32,811.17,-0.0011,,,,,
 2018/07/18,811.96,825.53,802.19,808.97,-0.0037,,,,,
 2018/07/19,806.59,819.63,789.23,802.43,-0.0052,,,,,
 2018/07/20,801.08,821.67,789.26,812.39,0.0141,,,,,
 2018/07/23,813.37,827.79,800.94,818.23,0.006,,,,,
 2018/07/24,818.04,833.92,808.68,824.95,0.0084,,,,,
 2018/07/25,825.68,845.32,818.44,830.26,0.0055,,,,,
 2018/07/26,830.22,837.57,809.27,819.24,-0.0132,,,,,
 2018/07/27,816.63,824.93,801.71,809.3,-0.009,,,,,
 2018/07/30,810.68,817.17,780.43,787.29,-0.0289,,,,,
 2018/07/31,789.58,805.32,779.94,795.06,0.0069,,,,,
 2018/08/01,798.16,811.43,778.92,788.43,-0.0122,,,,,
 2018/08/02,785.98,792.36,739.28,759.54,-0.0336,,,,,
 2018/08/03,758.03,767.58,743.23,748.07,-0.0131,,,,,
 2018/08/06,745.47,755.72,719.02,726.71,-0.0252,,,,,
 2018/08/07,730.68,752.93,725.41,748.46,0.0243,,,,,
 2018/08/08,746.86,758.3,733.38,739.59,-0.0097,,,,,
 2018/08/09,739.58,773.16,735.18,760.93,0.0289,,,,,
 2018/08/10,761.92,774.82,754.48,769.32,0.0097,,,,,
 2018/08/13,754.77,777.34,746.1,771.14,0.0217,,,,,
 2018/08/14,768.54,774.46,754.34,760.29,-0.0107,,,,,
 2018/08/15,762.15,765.1,735.79,741.42,-0.0272,,,,,
 2018/08/16,731.03,752.84,721.73,738.41,0.0101,,,,,
 2018/08/17,747.85,757.81,727.65,736.62,-0.015,,,,,
 2018/08/20,737.03,756.77,722.78,749.08,0.0163,,,,,
 2018/08/21,746.55,762.69,738.97,753.73,0.0096,,,,,
 2018/08/22,751.2,757.4,734.95,739.39,-0.0157,,,,,
 2018/08/23,739.83,755.59,734.97,746.92,0.0096,,,,,
 2018/08/24,746.09,756.72,738.39,745.68,-0.0005,,,,,
 2018/08/27,748.16,774.02,744.85,769.01,0.0279,,,,,
 2018/08/28,767.95,778.01,756.23,766.53,-0.0018,,,,,
 2018/08/29,764.94,776.97,745.44,759.36,-0.0073,,,,,
 2018/08/30,758.87,769.82,739.3,746.32,-0.0165,,,,,
 2018/08/31,739.95,749.67,724.36,730.35,-0.013,,,,,
 2018/09/03,727.93,745.67,713.22,737.26,0.0128,,,,,
 2018/09/04,734.66,753.92,731.32,747.49,0.0175,,,,,
 2018/09/05,746.04,756.41,733.25,737.56,-0.0114,,,,,
 2018/09/06,735.51,752.44,724.63,736.58,0.0015,,,,,
 2018/09/07,738.18,753.24,724.4,734.96,-0.0044,,,,,
 2018/09/10,732.9,739.22,713.43,720.75,-0.0166,,,,,
 2018/09/11,720.45,732.68,712.64,725.57,0.0071,,,,,
 2018/09/12,725.53,737.08,713.02,721.39,-0.0057,,,,,
 2018/09/13,728.13,736.77,717.43,730.4,0.0031,,,,,
 2018/09/14,730.15,734.72,712.73,718.76,-0.0156,,,,,
 2018/09/17,715.53,721.69,696.08,703.59,-0.0167,,,,,
 2018/09/18,701.64,722.35,699.21,720.25,0.0265,,,,,
 2018/09/19,720.19,736.54,715.36,728.08,0.011,,,,,
 2018/09/20,727.77,737.32,719.8,725.44,-0.0032,,,,,
 2018/09/21,729.27,738.94,720.11,735.69,0.0088,,,,,
 2018/09/25,730.42,736.26,723.25,729.81,-0.0008,,,,,
 2018/09/26,731.18,740.56,724.6,732.01,0.0011,,,,,
 2018/09/27,731.97,734.63,709.55,713.4,-0.0254,,,,,
 2018/09/28,714.25,728.62,709.57,725.13,0.0152,,,,,
 2018/10/08,712.61,718.49,691.99,700.05,-0.0176,,,,,
 2018/10/09,701.68,708.85,691.65,698.98,-0.0038,,,,,
 2018/10/10,699.79,706.41,687.25,698.23,-0.0022,,,,,
 2018/10/11,677.73,684.97,638.92,650.45,-0.0403,,,,,
 2018/10/12,642.48,664.05,619.71,649.73,0.0113,,,,,
 2018/10/15,648.58,660.27,630.35,641.14,-0.0115,,,,,
 2018/10/16,641.17,651.58,625.3,633.02,-0.0127,,,,,
 2018/10/17,641.1,653.52,629.42,646.42,0.0083,,,,,
 2018/10/18,643.58,653.29,624.71,634.3,-0.0144,,,,,
 2018/10/19,625.99,657.25,618.76,650.34,0.0389,,,,,
 2018/10/22,657.37,693.2,650.99,681.24,0.0363,,,,,
 2018/10/23,679.22,684.93,660.4,666.96,-0.0181,,,,,
 2018/10/24,665.29,679.7,657.01,665.75,0.0007,,,,,
 2018/10/25,645.49,667.46,636.9,662.13,0.0258,,,,,
 2018/10/26,666.55,678.01,656.35,662.98,-0.0054,,,,,
 2018/10/29,670.44,680.46,652.47,661.77,-0.0129,,,,,
 2018/10/30,660.56,679.75,646.91,670.26,0.0147,,,,,
 2018/10/31,671.02,685.58,665.76,675.32,0.0064,,,,,
 2018/11/01,681.88,704.35,675.44,685.17,0.0048,,,,,
 2018/11/02,697.52,714.52,691.04,709.28,0.0169,,,,,
 2018/11/05,711.91,722.55,693.78,706.36,-0.0078,,,,,
 2018/11/06,705.08,713.36,690.95,706.83,0.0025,,,,,
 2018/11/07,705.45,717.33,697.08,702.29,-0.0045,,,,,
 2018/11/08,707.2,713.36,687.65,692.79,-0.0204,,,,,
 2018/11/09,690.91,703.92,683.81,693.15,0.0032,,,,,
 2018/11/12,691.74,720.35,687.41,718.07,0.0381,,,,,
 2018/11/13,709.17,750.85,705.13,737.15,0.0395,,,,,
 2018/11/14,733.48,751.92,721.74,734.26,0.0011,,,,,
 2018/11/15,737.27,756.94,729.45,749.75,0.0169,,,,,
 2018/11/16,752.78,767.2,737.94,752.7,-0.0001,,,,,
 2018/11/19,749.07,757.41,728.94,745.72,-0.0045,,,,,
 2018/11/20,737.27,746.15,711.82,716.8,-0.0278,,,,,
 2018/11/21,709.77,725.39,699.62,718.17,0.0118,,,,,
 2018/11/22,719.86,728.4,708.26,716.31,-0.0049,,,,,
 2018/11/23,715.58,717.44,675.05,683.6,-0.0447,,,,,
 2018/11/26,684.01,695.16,673.57,681.78,-0.0033,,,,,
 2018/11/27,687.55,699.2,678.47,689.25,0.0025,,,,,
 2018/11/28,690.51,706.05,678.43,701.09,0.0153,,,,,
 2018/11/29,703.64,711.26,679.29,681.93,-0.0309,,,,,
 2018/11/30,679.99,692.23,669.7,687.59,0.0112,,,,,
 2018/12/03,705.96,716.23,695.86,705.99,0,,,,,
 2018/12/04,703.18,711.27,693.93,704.19,0.0014,,,,,
 2018/12/05,691.41,706.37,685.48,697.07,0.0082,,,,,
 2018/12/06,693.55,698.8,677.76,683.54,-0.0144,,,,,
 2018/12/07,685.48,694.88,679.17,685.32,-0.0002,,,,,
 2018/12/10,680.3,694.43,664.83,676.64,-0.0054,,,,,
 2018/12/11,679.95,690.48,670.3,684.5,0.0067,,,,,
 2018/12/12,685.23,691.35,674.83,679.23,-0.0088,,,,,
 2018/12/13,681.54,691.26,674.35,684.67,0.0046,,,,,
 2018/12/14,683.08,686.27,665.03,666.98,-0.0236,,,,,
 2018/12/17,663.75,672.53,652.12,664.06,0.0005,,,,,
 2018/12/18,659.57,670.03,649.96,659.94,0.0006,,,,,
 2018/12/19,660.9,663.42,647.22,651.15,-0.0148,,,,,
 2018/12/20,648.96,660.47,644.23,655.32,0.0098,,,,,
 2018/12/21,652.36,670.26,647.34,659.92,0.0116,,,,,
 2018/12/24,657.8,666.64,648.88,659.81,0.0031,,,,,
 2018/12/25,653.16,659.64,632.27,651.47,-0.0026,,,,,
 2018/12/26,650.67,662.55,644.6,651.72,0.0016,,,,,
 2018/12/27,661.58,668.32,641.8,645.83,-0.0238,,,,,
 2018/12/28,647.39,656.97,638,647.64,0.0004,,,,,
 2019/01/02,649.27,656.78,628.95,639.17,-0.0156,,,,,
 2019/01/03,637.1,645.79,625.03,630.95,-0.0097,,,,,
 2019/01/04,625.6,649.15,620.12,643.99,0.0294,,,,,
 2019/01/07,645.12,655.9,639.75,650.95,0.009,,,,,
 2019/01/08,647.91,654.96,639.87,647.45,-0.0007,,,,,
 2019/01/09,647.67,663.76,643.3,649.85,0.0034,,,,,
 2019/01/10,651.09,661.26,644.83,650.56,-0.0008,,,,,
 2019/01/11,650.98,661.08,644.27,654.39,0.0052,,,,,
 2019/01/14,653.9,660.83,640.34,646.41,-0.0115,,,,,
 2019/01/15,645.68,660.24,640.87,657.18,0.0178,,,,,
 2019/01/16,658.7,669.19,651.53,657.27,-0.0022,,,,,
 2019/01/17,659.13,665.8,648.04,653.41,-0.0087,,,,,
 2019/01/18,652.96,660.82,645.73,655.34,0.0036,,,,,
 2019/01/21,655.69,668.77,651.13,659.31,0.0055,,,,,
 2019/01/22,658.9,662.87,645.24,650.36,-0.013,,,,,
 2019/01/23,649.13,656.39,640.18,648.9,-0.0004,,,,,
 2019/01/24,649.81,663.75,643.17,655.95,0.0094,,,,,
 2019/01/25,655.93,665.22,647.19,653.3,-0.004,,,,,
 2019/01/28,657.05,664.22,644.34,648.35,-0.0132,,,,,
 2019/01/29,644.87,652.64,621.46,636.41,-0.0131,,,,,
 2019/01/30,633.17,642.5,622.16,628.14,-0.0079,,,,,
 2019/01/31,626.55,639.47,608.23,619.82,-0.0107,,,,,
 2019/02/01,622.49,640.48,616.98,637.87,0.0247,,,,,
 2019/02/11,640.23,655.49,635.59,652.86,0.0197,,,,,
 2019/02/12,651.85,670.06,648.44,662.78,0.0168,,,,,
 2019/02/13,662.91,684.53,659.45,676.37,0.0203,,,,,
 2019/02/14,674.7,685.32,667.64,678.88,0.0062,,,,,
 2019/02/15,680.22,690.74,672.17,676.45,-0.0055,,,,,
 2019/02/18,679.84,700.05,676.43,697.33,0.0257,,,,,
 2019/02/19,698.36,711.7,683.61,695.83,-0.0036,,,,,
 2019/02/20,695.73,703.73,681,694.37,-0.002,,,,,
 2019/02/21,693.67,717.27,685.47,696.97,0.0048,,,,,
 2019/02/22,698.7,730.55,694.17,726.07,0.0392,,,,,
 2019/02/25,743.38,784.05,732.15,779.64,0.0488,,,,,
 2019/02/26,785.96,815.03,765.69,780.72,-0.0067,,,,,
 2019/02/27,779.45,807.7,764.47,784.32,0.0062,,,,,
 2019/02/28,787.38,806.03,770.07,785.76,-0.0021,,,,,
 2019/03/01,794.51,810.8,771.48,795.29,0.001,,,,,
 2019/03/04,810.72,836.24,795.2,812.89,0.0027,,,,,
 2019/03/05,814.84,846.23,805.71,840.97,0.0321,,,,,
 2019/03/06,856.4,876.49,838.09,865.83,0.011,,,,,
 2019/03/07,876.98,915.31,866.28,900.79,0.0271,,,,,
 2019/03/08,886.3,933.2,857.88,882.19,-0.0046,,,,,
 2019/03/11,895.8,928.23,862.95,905.33,0.0106,,,,,
 2019/03/12,907.21,953.8,894.65,932.04,0.0274,,,,,
 2019/03/13,936.58,961.35,880.96,897.54,-0.0417,,,,,
 2019/03/14,882.51,902.15,837.34,859.33,-0.0263,,,,,
 2019/03/15,864.02,881.26,836.88,849.06,-0.0173,,,,,
 2019/03/18,851.92,875.03,833.64,868.3,0.0192,,,,,
 2019/03/19,873.6,910.25,859.54,886.39,0.0146,,,,,
 2019/03/20,886.17,904.91,859.1,881.73,-0.005,,,,,
 2019/03/21,882.82,922.27,874,903.8,0.0238,,,,,
 2019/03/22,898.52,916.73,873.45,897.76,-0.0008,,,,,
 2019/03/25,884.02,914.5,870.32,889.13,0.0058,,,,,
 2019/03/26,890.75,903.82,849.99,857.5,-0.0373,,,,,
 2019/03/27,865.54,878.48,830.95,863.3,-0.0026,,,,,
 2019/03/28,858,877.2,835.92,844.73,-0.0155,,,,,
 2019/03/29,848.39,884.64,826.84,875.75,0.0322,,,,,
 2019/04/01,885.49,927.06,878.42,917.3,0.0359,,,,,
 2019/04/02,923.56,946.43,900.33,920.12,-0.0037,,,,,
 2019/04/03,918.43,939.62,904.48,924.31,0.0064,,,,,
 2019/04/04,926.67,941.99,906.49,922.77,-0.0042,,,,,
 2019/04/08,924.68,935.17,878.57,892.33,-0.035,,,,,
 2019/04/09,891.44,916.86,879.15,900.59,0.0103,,,,,
 2019/04/10,896.2,905.44,874.05,888.93,-0.0081,,,,,
 2019/04/11,890.22,902.36,868.08,874.27,-0.0179,,,,,
 2019/04/12,875.25,896.82,862.91,884.12,0.0101,,,,,
 2019/04/15,897.65,910.71,869.34,872.65,-0.0279,,,,,
 2019/04/16,866.7,895.74,847.54,892.6,0.0299,,,,,
 2019/04/17,892.79,912.05,881.75,897.96,0.0058,,,,,
 2019/04/18,895.55,905.76,876.41,884.55,-0.0123,,,,,
 2019/04/19,882.86,897.73,869.47,888,0.0058,,,,,
 2019/04/22,896.58,908.65,869.7,876.6,-0.0223,,,,,
 2019/04/23,875.65,886.79,851.88,861.79,-0.0158,,,,,
 2019/04/24,864.27,882.27,847.94,875.01,0.0124,,,,,
 2019/04/25,872.77,887.17,839.53,843.76,-0.0332,,,,,
 2019/04/26,841.04,862.21,823.3,834.83,-0.0074,,,,,
 2019/04/29,840.09,852.17,793.95,806.45,-0.04,,,,,
 2019/04/30,799.89,828.92,791.57,815.1,0.019,,,,,
 2019/05/06,787.3,805.59,746.76,758.82,-0.0362,,,,,
 2019/05/07,765.88,782.42,741.16,767.02,0.0015,,,,,
 2019/05/08,749.05,787.65,741.58,769.54,0.0274,,,,,
 2019/05/09,762.99,786.39,756.39,766.78,0.005,,,,,
 2019/05/10,772.5,801.49,752.82,796.38,0.0309,,,,,
 2019/05/13,785.01,800.4,773.41,784.76,-0.0003,,,,,
 2019/05/14,775.95,798.01,770.2,783.42,0.0096,,,,,
 2019/05/15,791.69,804.9,781.89,797.18,0.0069,,,,,
 2019/05/16,796.14,802.36,781.55,792.62,-0.0044,,,,,
 2019/05/17,792.95,800.99,753.17,759.24,-0.0425,,,,,
 2019/05/20,759.33,772.35,739.56,759.99,0.0009,,,,,
 2019/05/21,760.25,778.01,752.84,770.44,0.0134,,,,,
 2019/05/22,770.46,790.7,758.96,777.92,0.0097,,,,,
 2019/05/23,776.15,780.11,749.92,755.34,-0.0268,,,,,
 2019/05/24,750.61,768.07,741.55,749.33,-0.0017,,,,,
 2019/05/27,751.35,775.01,743.74,771.66,0.027,,,,,
 2019/05/28,772.24,781.94,760.38,771.33,-0.0012,,,,,
 2019/05/29,765.97,775.4,758.49,765.32,-0.0008,,,,,
 2019/05/30,762.02,766.65,744.45,756.44,-0.0073,,,,,
 2019/05/31,755.33,766.47,744.1,751.64,-0.0049,,,,,
 2019/06/03,750.74,755.76,726.13,735.14,-0.0208,,,,,
 2019/06/04,734.4,746.2,720.08,731.87,-0.0034,,,,,
 2019/06/05,738.07,745.65,726.91,732.33,-0.0078,,,,,
 2019/06/06,733.52,742.3,715.42,723.93,-0.0131,,,,,
 2019/06/10,727.95,741.52,719.74,734.59,0.0091,,,,,
 2019/06/11,736.8,762.08,729.55,759.24,0.0305,,,,,
 2019/06/12,758.58,765.49,747.2,750.6,-0.0105,,,,,
 2019/06/13,750.31,770.96,743.63,760.28,0.0133,,,,,
 2019/06/14,760.11,768.38,739.49,741.82,-0.0241,,,,,
 2019/06/17,740.05,752.84,730.05,741.71,0.0022,,,,,
 2019/06/18,742.17,753.32,732.79,743.46,0.0017,,,,,
 2019/06/19,762.39,774.25,750.9,757.18,-0.0068,,,,,
 2019/06/20,753.98,779.35,747.89,770.35,0.0217,,,,,
 2019/06/21,776.24,795.09,768.71,786.77,0.0136,,,,,
 2019/06/24,788.17,801.42,777.36,785.03,-0.004,,,,,
 2019/06/25,782.06,788.38,761.86,773.17,-0.0114,,,,,
 2019/06/26,771.22,782.17,765.06,773.32,0.0027,,,,,
 2019/06/27,776.1,787.39,770.39,777.64,0.002,,,,,
 2019/06/28,777.21,780.36,756.6,764.15,-0.0168,,,,,
 2019/07/01,779.56,800.62,774.98,792.42,0.0165,,,,,
 2019/07/02,793.64,801.74,781.79,788.47,-0.0065,,,,,
 2019/07/03,785.91,791.54,768.58,775.34,-0.0134,,,,,
 2019/07/04,776.52,785.9,767.89,773.56,-0.0038,,,,,
 2019/07/05,775.18,781.33,767.15,775.36,0.0002,,,,,
 2019/07/08,773.8,775.56,739.85,747.91,-0.0335,,,,,
 2019/07/09,747.83,761.3,738.46,751.8,0.0053,,,,,
 2019/07/10,754.38,759.3,737.52,744.58,-0.013,,,,,
 2019/07/11,747.53,759.44,739.14,747.44,-0.0001,,,,,
 2019/07/12,746.46,755.24,736.36,748.76,0.0031,,,,,
 2019/07/15,746.81,766.61,733.08,758.19,0.0152,,,,,
 2019/07/16,755.55,764.98,748.43,757.3,0.0023,,,,,
 2019/07/17,756.96,771.89,749.51,760.51,0.0047,,,,,
 2019/07/18,754.14,758.37,738.43,743.2,-0.0145,,,,,
 2019/07/19,746.42,759.07,740.35,748.42,0.0027,,,,,
 2019/07/22,750.96,753.98,726.95,734.9,-0.0214,,,,,
 2019/07/23,735.44,750.21,730.81,745.74,0.014,,,,,
 2019/07/24,748.71,763.78,743.17,755.62,0.0092,,,,,
 2019/07/25,755.2,762.73,747.56,755.29,0.0001,,,,,
 2019/07/26,752.32,760.66,745.91,752.25,-0.0001,,,,,
 2019/07/29,753.9,768.49,746.51,759.85,0.0079,,,,,
 2019/07/30,759.5,777.19,753.97,768.76,0.0122,,,,,
 2019/07/31,767.87,773.32,757.25,764.27,-0.0047,,,,,
 2019/08/01,759.34,770.32,752.62,761.47,0.0028,,,,,
 2019/08/02,745.67,761.02,737.31,752.47,0.0091,,,,,
 2019/08/05,750.9,762.07,739.09,744.48,-0.0085,,,,,
 2019/08/06,732.41,745.46,704.37,731.72,-0.0009,,,,,
 2019/08/07,736.51,742.48,720.82,725.44,-0.015,,,,,
 2019/08/08,728.31,739.16,719.23,729.8,0.002,,,,,
 2019/08/09,734.15,740.27,714.86,721.93,-0.0166,,,,,
 2019/08/12,722.34,737.6,714.48,735.37,0.018,,,,,
 2019/08/13,729.43,735.5,717.28,724.77,-0.0064,,,,,
 2019/08/14,733.47,747.35,724.39,733.19,-0.0004,,,,,
 2019/08/15,713.15,736.21,707.33,733.32,0.0283,,,,,
 2019/08/16,730.79,750.61,726.35,738.99,0.0112,,,,,
 2019/08/19,742.77,770.78,738.6,763.54,0.028,,,,,
 2019/08/20,765.81,783.38,755.75,767.05,0.0016,,,,,
 2019/08/21,763.95,774.64,755.98,763.7,-0.0003,,,,,
 2019/08/22,766.36,773.53,753.23,761.28,-0.0066,,,,,
 2019/08/23,761.92,767.6,748.73,754.21,-0.0101,,,,,
 2019/08/26,739.05,750.35,732.55,743.15,0.0055,,,,,
 2019/08/27,747.14,765.65,743.76,755.8,0.0116,,,,,
 2019/08/28,758.59,768.89,745.48,754.68,-0.0052,,,,,
 2019/08/29,755.7,768.29,744.26,756.54,0.0011,,,,,
 2019/08/30,760.45,773.55,739.65,745.82,-0.0192,,,,,
 2019/09/02,746.17,775.93,739.54,771.89,0.0345,,,,,
 2019/09/03,773.07,792.03,763.18,783.4,0.0134,,,,,
 2019/09/04,780.71,802.93,772.6,794.87,0.0181,,,,,
 2019/09/05,799.11,829.25,791.33,806.33,0.009,,,,,
 2019/09/06,810.3,827.16,798.43,812,0.0021,,,,,
 2019/09/09,820.01,847.15,809.69,840.17,0.0246,,,,,
 2019/09/10,842.87,853.31,821.5,833.53,-0.0111,,,,,
 2019/09/11,838.36,844.07,819.63,824.13,-0.017,,,,,
 2019/09/12,826.49,839.01,814.5,828.72,0.0027,,,,,
 2019/09/16,829.7,845.58,820.74,832.31,0.0031,,,,,
 2019/09/17,829.8,837.32,801.66,808.29,-0.0259,,,,,
 2019/09/18,808.86,823.58,797.13,810.4,0.0019,,,,,
 2019/09/19,813.71,822.02,798.45,815.51,0.0022,,,,,
 2019/09/20,820.37,833.57,808.24,817.42,-0.0036,,,,,
 2019/09/23,814.54,832.44,795.39,821.26,0.0083,,,,,
 2019/09/24,821.03,839.73,810.65,825.1,0.005,,,,,
 2019/09/25,823.36,832.61,800.14,807.53,-0.0192,,,,,
 2019/09/26,812.88,823.05,778.82,783.78,-0.0358,,,,,
 2019/09/27,785.68,805.29,778.13,791.73,0.0077,,,,,
 2019/09/30,793.82,803.19,776.46,782.58,-0.0142,,,,,
 2019/10/08,783.71,793.98,764.2,770.62,-0.0167,,,,,
 2019/10/09,766.98,776.62,753.96,770.3,0.0043,,,,,
 2019/10/10,768.72,785.51,762.8,780.39,0.0152,,,,,
 2019/10/11,781.88,799.84,767.84,788.62,0.0086,,,,,
 2019/10/14,795.6,813.24,786.54,802.68,0.0089,,,,,
 2019/10/15,800.74,812.15,786.8,794.17,-0.0082,,,,,
 2019/10/16,794.73,811.32,782.36,793.43,-0.0016,,,,,
 2019/10/17,795.67,811.68,789.28,799.56,0.0049,,,,,
 2019/10/18,800.29,808.26,778.8,786.83,-0.0168,,,,,
 2019/10/21,787.78,796.96,767.83,784.88,-0.0037,,,,,
 2019/10/22,783.1,799.43,772.21,787.67,0.0058,,,,,
 2019/10/23,786.49,800.13,774.51,785.9,-0.0008,,,,,
 2019/10/24,783.52,799.14,771.36,783.51,0,,,,,
 2019/10/25,783.96,795.42,772.76,785.03,0.0014,,,,,
 2019/10/28,830.74,841.46,812.93,829.35,-0.0017,,,,,
 2019/10/29,846.65,860.13,819.62,827.96,-0.0221,,,,,
 2019/10/30,832.47,842.23,813.79,821.15,-0.0136,,,,,
 2019/10/31,834.04,844.98,814.51,824.11,-0.0119,,,,,
 2019/11/01,820.4,850.93,810.4,840.93,0.025,,,,,
 2019/11/04,838.73,867.61,822.18,845.64,0.0082,,,,,
 2019/11/05,840.16,847.6,817.41,832.45,-0.0092,,,,,
 2019/11/06,830.55,843.54,813.89,829.17,-0.0017,,,,,
 2019/11/07,829.01,849.2,820.52,832.68,0.0044,,,,,
 2019/11/08,835.26,847.78,813.94,820.59,-0.0176,,,,,
 2019/11/11,813.78,829.42,796.15,807.8,-0.0073,,,,,
 2019/11/12,806.73,815.96,791.2,809.26,0.0031,,,,,
 2019/11/13,807.44,817.25,790.12,804.78,-0.0033,,,,,
 2019/11/14,804.24,818.3,791.1,806,0.0022,,,,,
 2019/11/15,804.35,824.07,791.7,804.51,0.0002,,,,,
 2019/11/18,801.47,821.9,790.37,814.32,0.016,,,,,
 2019/11/19,812.61,852.34,808.24,844.86,0.0397,,,,,
 2019/11/20,847.71,869.97,831.71,839.39,-0.0098,,,,,
 2019/11/21,834.97,851.5,820.64,836.05,0.0013,,,,,
 2019/11/22,833.61,847.68,809.47,820.42,-0.0158,,,,,
 2019/11/25,819.35,824.34,793,803.36,-0.0195,,,,,
 2019/11/26,804.81,817.62,795.41,810.04,0.0065,,,,,
 2019/11/27,805.13,814.91,791.9,805.58,0.0006,,,,,
 2019/11/28,803.65,815.02,793.5,803.27,-0.0005,,,,,
 2019/11/29,802.35,815.89,791.32,805.05,0.0034,,,,,
 2019/12/02,802.98,817.02,795.91,808.99,0.0075,,,,,
 2019/12/03,800.37,814.36,789.1,810.75,0.013,,,,,
 2019/12/04,806.14,820.09,798.6,807.53,0.0017,,,,,
 2019/12/05,809.7,828.93,804.11,822.74,0.0161,,,,,
 2019/12/06,822.93,845.57,815.63,839.08,0.0196,,,,,
 2019/12/09,841.2,862.46,832.47,848.05,0.0081,,,,,
 2019/12/10,846.26,864.56,834.8,854.89,0.0102,,,,,
 2019/12/11,855.41,874.56,841.53,851.33,-0.0048,,,,,
 2019/12/12,848.49,862.52,837.19,846.71,-0.0021,,,,,
 2019/12/13,853.41,862.05,839.43,852.51,-0.0011,,,,,
 2019/12/16,854.99,880.82,848.03,876.56,0.0252,,,,,
 2019/12/17,879.57,898.53,867.26,887.15,0.0086,,,,,
 2019/12/18,885.89,919.35,877.09,899.55,0.0154,,,,,
 2019/12/19,901.43,929.66,889.82,905.59,0.0046,,,,,
 2019/12/20,905.93,914.03,878.94,883.32,-0.025,,,,,
 2019/12/23,879.75,889.62,851.32,861.88,-0.0203,,,,,
 2019/12/24,860.34,885.41,854.32,881.47,0.0246,,,,,
 2019/12/25,878.3,902.21,871.16,891.39,0.0149,,,,,
 2019/12/26,890.41,906.1,879.3,895.97,0.0062,,,,,
 2019/12/27,899.53,918.03,883.12,887.65,-0.0132,,,,,
 2019/12/30,882.9,897.46,862,887.19,0.0049,,,,,
 2019/12/31,887.69,904.01,876.73,892.37,0.0053,,,,,
 2020/01/02,901.61,946.95,895.17,936.37,0.0386,,,,,
 2020/01/03,942.99,966.22,924.74,944.97,0.0021,,,,,
 2020/01/06,936.43,985.38,925.93,962.46,0.0278,,,,,
 2020/01/07,964.41,1003.92,956.26,990.87,0.0274,,,,,
 2020/01/08,981.29,998.61,954.46,963.03,-0.0186,,,,,
 2020/01/09,976.77,996.92,955.42,982.86,0.0062,,,,,
 2020/01/10,986.61,998.21,960.52,975.11,-0.0117,,,,,
 2020/01/13,975.7,990.01,950.14,982.03,0.0065,,,,,
 2020/01/14,988.2,1008.23,971.58,982.76,-0.0055,,,,,
 2020/01/15,984.32,1004.1,962.73,987.14,0.0029,,,,,
 2020/01/16,988.93,1001.13,958.71,970.26,-0.0189,,,,,
 2020/01/17,974.69,996.27,956.33,971.95,-0.0028,,,,,
 2020/01/20,962.74,991.23,937.13,967.78,0.0052,,,,,
 2020/01/21,954.56,972.57,932.1,946.24,-0.0087,,,,,
 2020/01/22,936.02,966.11,916.38,953.26,0.0184,,,,,
 2020/01/23,940.59,965.79,901.26,923.03,-0.0187,,,,,
 2020/02/03,835.52,878.95,832.62,846.19,0.0128,,,,,
 2020/02/04,816.83,881.46,813.72,870.42,0.0656,,,,,
 2020/02/05,875.11,918.46,867.63,895.75,0.0236,,,,,
 2020/02/06,897.22,953.77,885.43,938.82,0.0464,,,,,
 2020/02/07,935.85,986.44,919.96,974.53,0.0413,,,,,
 2020/02/10,972.72,1004.51,943.12,974.59,0.0019,,,,,
 2020/02/11,971.98,994.58,939.44,958.41,-0.014,,,,,
 2020/02/12,956.23,996.51,944.44,982.86,0.0278,,,,,
 2020/02/13,983.03,1002.06,952.19,968.56,-0.0147,,,,,
 2020/02/14,961.5,978.9,944.89,959.67,-0.0019,,,,,
 2020/02/17,964.26,1003.33,957.68,994.65,0.0315,,,,,
 2020/02/18,994.1,1021.81,979.46,1006.93,0.0129,,,,,
 2020/02/19,1000.41,1012.23,965.66,974.77,-0.0256,,,,,
 2020/02/20,978.99,1005.09,960.46,994.22,0.0156,,,,,
 2020/02/21,996.88,1044.47,988.43,1027.05,0.0303,,,,,
 2020/02/24,1026.6,1071.31,1013.13,1052.5,0.0252,,,,,
 2020/02/25,1023.93,1051.1,981.27,1034.09,0.0099,,,,,
 2020/02/26,1019.59,1049.82,974.96,994.92,-0.0242,,,,,
 2020/02/27,1000.95,1032.53,971.59,1005.98,0.005,,,,,
 2020/02/28,967.5,1001.05,936.43,951.99,-0.016,,,,,
 2020/03/02,965.82,1000.99,940.61,985.61,0.0205,,,,,
 2020/03/03,1000.72,1028.02,972.12,988.31,-0.0124,,,,,
 2020/03/04,979.77,1008.05,958.88,990.9,0.0114,,,,,
 2020/03/05,1008.08,1027.67,976.89,995.43,-0.0125,,,,,
 2020/03/06,978.91,1003.17,966.02,980.63,0.0018,,,,,
 2020/03/09,959.45,970.14,914.55,918.84,-0.0423,,,,,
 2020/03/10,906.75,959.87,900.22,953.97,0.0521,,,,,
 2020/03/11,956.72,977.61,932.42,940.26,-0.0172,,,,,
 2020/03/12,926.31,942.74,908.66,922.6,-0.004,,,,,
 2020/03/13,873.23,929.42,864.13,914.9,0.0477,,,,,
 2020/03/16,922.6,938.14,864.43,870.71,-0.0562,,,,,
 2020/03/17,887.21,897.82,843.54,879.52,-0.0087,,,,,
 2020/03/18,888.89,910.41,864.32,869.81,-0.0215,,,,,
 2020/03/19,871.82,897.63,856.86,889.41,0.0202,,,,,
 2020/03/20,899.69,915.02,880.34,901.65,0.0022,,,,,
 2020/03/23,877.98,894.59,851.78,861.08,-0.0192,,,,,
 2020/03/24,878.45,895.6,845.76,877.77,-0.0008,,,,,
 2020/03/25,896.22,911.19,878.54,897.96,0.0019,,,,,
 2020/03/26,892.27,910.83,876.32,890.2,-0.0023,,,,,
 2020/03/27,902.38,910.68,873.94,879.4,-0.0255,,,,,
 2020/03/30,863.9,866.93,825.12,844.58,-0.0224,,,,,
 2020/03/31,854.28,861.7,831.93,841.89,-0.0145,,,,,
 2020/04/01,838.69,861.91,824.18,835.12,-0.0043,,,,,
 2020/04/02,830.05,855.61,814.82,854.05,0.0289,,,,,
 2020/04/03,853.47,865.52,836.15,843.93,-0.0112,,,,,
 2020/04/07,863.11,885.95,857.04,881.04,0.0208,,,,,
 2020/04/08,877.15,896.28,867.08,881.49,0.0049,,,,,
 2020/04/09,887.82,910.67,878.5,897.57,0.011,,,,,
 2020/04/10,898.23,910.04,864.44,873.51,-0.0275,,,,,
 2020/04/13,863.25,870.67,841.18,849.83,-0.0155,,,,,
 2020/04/14,856.26,886.72,850.23,882.72,0.0309,,,,,
 2020/04/15,882.53,900.02,868.53,876.8,-0.0065,,,,,
 2020/04/16,873.43,906.68,861.89,894.4,0.024,,,,,
 2020/04/17,900.76,915.56,882.28,891.24,-0.0106,,,,,
 2020/04/20,892.76,910.83,880.11,899.3,0.0073,,,,,
 2020/04/21,896.07,919.71,881.54,903.93,0.0088,,,,,
 2020/04/22,896.72,920.57,887.8,911.64,0.0166,,,,,
 2020/04/23,911.88,921.29,886.7,896.03,-0.0174,,,,,
 2020/04/24,894.14,902.64,866.68,874.24,-0.0223,,,,,
 2020/04/27,878.89,889.96,861.5,870,-0.0101,,,,,
 2020/04/28,869.62,885.73,832.03,867.3,-0.0027,,,,,
 2020/04/29,861.07,887.92,854.54,872.25,0.013,,,,,
 2020/04/30,880.77,913.71,874.52,902.03,0.0241,,,,,
 2020/05/06,892.53,922.37,883.04,912.62,0.0225,,,,,
 2020/05/07,910.69,933.64,897.39,914.01,0.0036,,,,,
 2020/05/08,919.33,939.62,911.98,926.61,0.0079,,,,,
 2020/05/11,931.05,945.26,912.02,923.44,-0.0082,,,,,
 2020/05/12,923.6,932.78,904.72,924.03,0.0005,,,,,
 2020/05/13,919.94,933.65,909.96,925.02,0.0055,,,,,
 2020/05/14,922.64,941.28,911.08,921.13,-0.0016,,,,,
 2020/05/15,924.22,935.15,909.84,919.04,-0.0056,,,,,
 2020/05/18,919.18,927.61,889.42,900.68,-0.0201,,,,,
 2020/05/19,910.62,933.24,901.23,925.36,0.0162,,,,,
 2020/05/20,926.41,937.93,899.71,911.98,-0.0156,,,,,
 2020/05/21,915.09,924.4,888.52,895.38,-0.0215,,,,,
 2020/05/22,897.53,909.46,871.2,879.5,-0.0201,,,,,
 2020/05/25,876.28,889.06,859.42,876.54,0.0003,,,,,
 2020/05/26,880.54,899.86,874.05,892.99,0.0141,,,,,
 2020/05/27,893.01,902.69,873.37,880.58,-0.0139,,,,,
 2020/05/28,879.26,892.14,863.3,880.42,0.0013,,,,,
 2020/05/29,875.89,903.89,869.15,890.55,0.0167,,,,,
 2020/06/01,899.18,929.57,891.44,919.41,0.0225,,,,,
 2020/06/02,921.23,934.84,903.23,917.39,-0.0042,,,,,
 2020/06/03,920.52,933.98,905.89,914.09,-0.007,,,,,
 2020/06/04,917.79,929.62,904.35,915.26,-0.0028,,,,,
 2020/06/05,914.72,932.56,903.68,923.94,0.0101,,,,,
 2020/06/08,929.67,938.83,914.65,921.9,-0.0084,,,,,
 2020/06/09,922.83,947.64,912.29,940.4,0.019,,,,,
 2020/06/10,941.1,957.16,926.74,944.41,0.0035,,,,,
 2020/06/11,943.34,969.23,932.13,945.99,0.0028,,,,,
 2020/06/12,928.05,978.95,922.26,967.28,0.0423,,,,,
 2020/06/15,969.69,996.9,956.68,969.08,-0.0006,,,,,
 2020/06/16,981.54,995.65,960.54,978.49,-0.0031,,,,,
 2020/06/17,981.54,999.35,958.15,979.26,-0.0023,,,,,
 2020/06/18,977.8,995.55,958.28,969.68,-0.0083,,,,,
 2020/06/19,970.17,991.06,961.76,975.52,0.0055,,,,,
 2020/06/22,977.91,1000.78,967.95,983.21,0.0054,,,,,
 2020/06/23,985.91,1011.39,971.24,996.04,0.0103,,,,,
 2020/06/24,997.63,1019.32,982.3,994.6,-0.003,,,,,
 2020/06/29,990.15,1009.2,966.38,982.82,-0.0074,,,,,
 2020/06/30,987.04,1013.63,975.54,1000.77,0.0139,,,,,
 2020/07/01,1006.85,1025.81,977.67,999.91,-0.0069,,,,,
 2020/07/02,997.35,1032.52,981.25,1016.41,0.0191,,,,,
 2020/07/03,1017.48,1052.28,998.79,1039.23,0.0214,,,,,
 2020/07/06,1048.8,1087.38,1029,1071.9,0.022,,,,,
 2020/07/07,1076.36,1121.66,1052.5,1086.44,0.0094,,,,,
 2020/07/08,1084.95,1128.76,1065.43,1113.29,0.0261,,,,,
 2020/07/09,1113.9,1169.63,1099.33,1147.72,0.0304,,,,,
 2020/07/10,1148.59,1171.99,1120.52,1137.86,-0.0093,,,,,
 2020/07/13,1145.26,1196.34,1130.58,1180.43,0.0307,,,,,
 2020/07/14,1183.3,1223.21,1147.1,1183.7,0.0003,,,,,
 2020/07/15,1193.16,1210.79,1118.47,1129.99,-0.0529,,,,,
 2020/07/16,1129.85,1163.28,1066.88,1077.35,-0.0465,,,,,
 2020/07/17,1080.72,1121.49,1053.46,1090.9,0.0094,,,,,
 2020/07/20,1104.13,1124.94,1067.14,1109.96,0.0053,,,,,
 2020/07/21,1119.79,1148.44,1093.7,1118.08,-0.0015,,,,,
 2020/07/22,1114.92,1160.47,1099.09,1131.21,0.0146,,,,,
 2020/07/23,1115.44,1137,1078.36,1107.78,-0.0069,,,,,
 2020/07/24,1101.51,1120.99,1034.57,1042.6,-0.0535,,,,,
 2020/07/27,1043.4,1065.41,1021.15,1039.77,-0.0035,,,,,
 2020/07/28,1047.82,1066.5,1033.24,1051.69,0.0037,,,,,
 2020/07/29,1049.78,1091.57,1040.98,1085.01,0.0336,,,,,
 2020/07/30,1083.79,1093.11,1053.12,1061.7,-0.0204,,,,,
 2020/07/31,1059.43,1100.77,1053.29,1080.89,0.0203,,,,,
 2020/08/03,1094.53,1129.24,1076.22,1114.3,0.0181,,,,,
 2020/08/04,1117.87,1139.6,1084.89,1102.5,-0.0137,,,,,
 2020/08/05,1107.1,1129.1,1086.38,1113.83,0.0061,,,,,
 2020/08/06,1116.28,1130.72,1079.96,1100.12,-0.0145,,,,,
 2020/08/07,1099.46,1115.55,1055.88,1078.87,-0.0187,,,,,
 2020/08/10,1078.18,1100.05,1053.42,1079.04,0.0008,,,,,
 2020/08/11,1082.07,1094.66,1043.77,1050.43,-0.0292,,,,,
 2020/08/12,1044.73,1055.36,1004.55,1031.33,-0.0128,,,,,
 2020/08/13,1035.95,1051.09,1022.01,1034.72,-0.0012,,,,,
 2020/08/14,1033.42,1055.98,1020.74,1048.46,0.0146,,,,,
 2020/08/17,1055.38,1083.09,1043.09,1071.25,0.015,,,,,
 2020/08/18,1071.39,1090.03,1058.51,1076.73,0.005,,,,,
 2020/08/19,1077.32,1093.34,1044.02,1056.13,-0.0197,,,,,
 2020/08/20,1053.92,1075.33,1037.16,1050.82,-0.0029,,,,,
 2020/08/21,1057.89,1096.16,1047.29,1071.78,0.0131,,,,,
 2020/08/24,1077.82,1105.86,1057.9,1085.92,0.0075,,,,,
 2020/08/25,1087.25,1110.31,1068.11,1085.85,-0.0013,,,,,
 2020/08/26,1091.05,1102.55,1055.62,1068.55,-0.0206,,,,,
 2020/08/27,1071.3,1098.82,1055.36,1081.53,0.0095,,,,,
 2020/08/28,1073.62,1097.93,1059.74,1091.66,0.0168,,,,,
 2020/08/31,1103.56,1119.38,1070.01,1074.65,-0.0262,,,,,
 2020/09/01,1073.4,1090.72,1053.81,1080.54,0.0067,,,,,
 2020/09/02,1082.55,1104.86,1064.73,1087.2,0.0043,,,,,
 2020/09/03,1086.12,1094.21,1059.81,1070.07,-0.0148,,,,,
 2020/09/04,1052.29,1077.36,1037.08,1066,0.013,,,,,
 2020/09/07,1066.71,1091.98,1039.88,1048.97,-0.0166,,,,,
 2020/09/08,1051.14,1074.69,1031.94,1062.19,0.0105,,,,,
 2020/09/09,1049,1064.02,1011.35,1024.44,-0.0234,,,,,
 2020/09/10,1033.85,1047.93,980,990.27,-0.0422,,,,,
 2020/09/11,986.07,1015.25,977.14,1007.61,0.0218,,,,,
 2020/09/14,1014.04,1035.15,998.48,1019.8,0.0057,,,,,
 2020/09/15,1019.24,1042.49,1006.98,1029.78,0.0103,,,,,
 2020/09/16,1028.5,1039.94,1007.21,1020.26,-0.008,,,,,
 2020/09/17,1019.53,1034.43,998.48,1015.49,-0.004,,,,,
 2020/09/18,1016.37,1034.82,1003.68,1027.66,0.0111,,,,,
 2020/09/21,1030.66,1043.59,1012.44,1019.66,-0.0107,,,,,
 2020/09/22,1010.9,1026.99,993.73,1000.53,-0.0103,,,,,
 2020/09/23,1006.14,1027.38,994.96,1016.56,0.0104,,,,,
 2020/09/24,1009.77,1023.68,984.02,989.14,-0.0204,,,,,
 2020/09/25,993.84,1005.44,972.5,985.44,-0.0085,,,,,
 2020/09/28,989.76,998.87,965.12,972.1,-0.0178,,,,,
 2020/09/29,978.65,999.6,968.12,985.31,0.0068,,,,,
 2020/09/30,989.85,1001.92,972.31,982.89,-0.007,,,,,
 2020/10/09,999.21,1022.48,983.62,1007.24,0.008,,,,,
 2020/10/12,1010.26,1030.12,988.71,1008.51,-0.0017,,,,,
 2020/10/13,1004.65,1009.85,979.42,997.31,-0.0073,,,,,
 2020/10/14,992.33,998.45,970.05,978.08,-0.0144,,,,,
 2020/10/15,979.39,989.49,960.43,968.69,-0.0109,,,,,
 2020/10/16,967.47,977.07,951.69,965.27,-0.0023,,,,,
 2020/10/19,965.64,975.34,941.52,946.33,-0.02,,,,,
 2020/10/20,947.33,961.84,936.11,957.42,0.0107,,,,,
 2020/10/21,960,970.1,934.51,947.94,-0.0126,,,,,
 2020/10/22,945.34,954.53,926.62,940.34,-0.0053,,,,,
 2020/10/23,941.64,951.65,915.21,919.49,-0.0235,,,,,
 2020/10/26,915.64,932.62,899.6,919.79,0.0045,,,,,
 2020/10/27,919.15,933.25,908.29,919.39,0.0003,,,,,
 2020/10/28,923.06,934,903.84,923.22,0.0002,,,,,
 2020/10/29,909.08,929.92,901.35,917.69,0.0095,,,,,
 2020/10/30,921.05,940.88,892.07,904.68,-0.0178,,,,,
 2020/11/02,902.8,918.08,878.39,894.51,-0.0092,,,,,
 2020/11/03,899.53,923.06,890.44,913.6,0.0156,,,,,
 2020/11/04,914.07,920.55,891.23,903.27,-0.0118,,,,,
 2020/11/05,911.59,924.25,897.43,916.49,0.0054,,,,,
 2020/11/06,917.48,926.59,895.54,904.82,-0.0138,,,,,
 2020/11/09,909,936.77,905.89,926.48,0.0192,,,,,
 2020/11/10,937.24,945.42,912.19,920.06,-0.0183,,,,,
 2020/11/11,918.98,924.71,892.07,895.85,-0.0252,,,,,
 2020/11/12,900.19,910.25,885.63,894.6,-0.0062,,,,,
 2020/11/13,893.32,909.69,882,899.95,0.0074,,,,,
 2020/11/16,905.31,921.93,891.62,911.4,0.0067,,,,,
 2020/11/17,912.81,922.67,891.2,905.66,-0.0078,,,,,
 2020/11/18,905.69,919.46,890.68,903.6,-0.0023,,,,,
 2020/11/19,901.99,914.08,888.7,903.92,0.0021,,,,,
 2020/11/20,904.24,914.29,893.89,902.09,-0.0024,,,,,
 2020/11/23,903.4,910.4,884.73,897.56,-0.0065,,,,,
 2020/11/24,897.55,913.26,886.34,895.19,-0.0026,,,,,
 2020/11/25,895.83,907.84,875.63,882.98,-0.0143,,,,,
 2020/11/26,882.65,893.58,869.11,881.44,-0.0014,,,,,
 2020/11/27,882.51,898.01,870.58,887.22,0.0053,,,,,
 2020/11/30,887.35,906.51,872.98,891.48,0.0047,,,,,
 2020/12/01,890.41,917.21,885.19,910.13,0.0221,,,,,
 2020/12/02,908.09,920.27,893.62,906.22,-0.0021,,,,,
 2020/12/03,906.32,919.62,895.85,905.52,-0.0009,,,,,
 2020/12/04,905.66,914.21,893.85,906.85,0.0013,,,,,
 2020/12/07,906.13,917.98,891.08,903.11,-0.0033,,,,,
 2020/12/08,906.69,920.96,897.75,907.03,0.0004,,,,,
 2020/12/09,907.71,915.23,887.59,889.88,-0.0196,,,,,
 2020/12/10,888.74,903.59,876.66,890.11,0.0015,,,,,
 2020/12/11,890.51,899.21,866.39,883.11,-0.0083,,,,,
 2020/12/14,881.86,896.55,867.76,887.21,0.0061,,,,,
 2020/12/15,886.63,904.16,875.85,885.38,-0.0014,,,,,
 2020/12/16,884.62,896.66,865.82,879.99,-0.0052,,,,,
 2020/12/17,877.61,892.27,861.33,884.26,0.0076,,,,,
 2020/12/18,883.57,893.41,867.42,875.35,-0.0093,,,,,
 2020/12/21,875.14,895.98,862.37,887.41,0.014,,,,,
 2020/12/22,884.49,901.22,864.7,875.17,-0.0105,,,,,
 2020/12/23,875.82,883.79,855.61,871.82,-0.0046,,,,,
 2020/12/24,869.98,884.89,849.61,856.07,-0.016,,,,,
 2020/12/25,853.46,866.78,833.92,850.72,-0.0032,,,,,
 2020/12/28,848.65,855.19,820.42,835.86,-0.0151,,,,,
 2020/12/29,837.55,873.09,831.56,858.01,0.0244,,,,,
 2020/12/30,859.7,878.63,845.85,869.03,0.0109,,,,,
 2020/12/31,871.98,902.99,865.11,892.26,0.0233,,,,,
 2021/01/04,896.7,910.33,879.57,897.6,0.001,,,,,
 2021/01/05,891.32,912.44,876.46,896.74,0.0061,,,,,
 2021/01/06,896.37,902.66,867.12,883.44,-0.0144,,,,,
 2021/01/07,878.04,886.63,841.09,853.55,-0.0279,,,,,
 2021/01/08,855.56,895.9,841.34,881.92,0.0308,,,,,
 2021/01/11,883.58,901.12,860.39,875.85,-0.0087,,,,,
 2021/01/12,870.41,885.2,853.45,873.32,0.0033,,,,,
 2021/01/13,872.41,884.1,846,863.77,-0.0099,,,,,
 2021/01/14,860.19,890.37,844.05,864.96,0.0055,,,,,
 2021/01/15,862.07,881.37,843.39,864.03,0.0023,,,,,
 2021/01/18,870.62,900.57,855.06,884.81,0.0163,,,,,
 2021/01/19,883.06,901.4,867.4,881.21,-0.0021,,,,,
 2021/01/20,881.95,895.32,866.68,880.49,-0.0017,,,,,
 2021/01/21,883.47,908.03,868.69,891.23,0.0088,,,,,
 2021/01/22,892.55,905.09,868.7,884.1,-0.0095,,,,,
 2021/01/25,873.67,893.14,854.56,868.19,-0.0063,,,,,
 2021/01/26,862.77,885.4,853.14,869.22,0.0075,,,,,
 2021/01/27,869.18,907.47,854.49,891.77,0.026,,,,,
 2021/01/28,886.43,914.19,864.78,878.56,-0.0089,,,,,
 2021/01/29,883.83,901.38,851.79,869.07,-0.0167,,,,,
 2021/02/01,866.64,899.32,855.83,878.19,0.0133,,,,,
 2021/02/02,876.88,888.87,848.2,869.16,-0.0088,,,,,
 2021/02/03,867.31,880.86,836.62,851.63,-0.0181,,,,,
 2021/02/04,848.51,858.96,814.32,830.99,-0.0206,,,,,
 2021/02/05,829.82,849.16,807.65,818.3,-0.0139,,,,,
 2021/02/08,820.56,847.88,805.15,830.42,0.012,,,,,
 2021/02/09,833.22,854.92,822.65,844.99,0.0141,,,,,
 2021/02/10,845.95,866.61,829.58,852.53,0.0078,,,,,
 2021/02/18,868.28,896.67,854.76,873.74,0.0063,,,,,
 2021/02/19,874.77,898.07,856.02,888.52,0.0157,,,,,
 2021/02/22,890.85,909.83,858.49,872,-0.0212,,,,,
 2021/02/23,867.26,883.05,848.51,860.3,-0.008,,,,,
 2021/02/24,860.49,887.17,850.12,867.28,0.0079,,,,,
 2021/02/25,872.12,883.26,842.34,855.79,-0.0187,,,,,
 2021/02/26,842.84,871.8,833.48,849.17,0.0075,,,,,
 2021/03/01,856.52,876.85,844.2,866.44,0.0116,,,,,
 2021/03/02,868.99,889.34,851.86,871.93,0.0034,,,,,
 2021/03/03,868.43,888.11,859.3,876.81,0.0096,,,,,
 2021/03/04,871.85,884.45,855.19,866.89,-0.0057,,,,,
 2021/03/05,860.01,882.3,847.37,867.78,0.009,,,,,
 2021/03/08,876.92,892.25,849.74,855.07,-0.0249,,,,,
 2021/03/09,856.7,874.5,826.71,844.79,-0.0139,,,,,
 2021/03/10,849.6,856.33,819.03,827.45,-0.0261,,,,,
 2021/03/11,825.88,846.49,818.36,835.01,0.0111,,,,,
 2021/03/12,834.19,846.15,814.64,824.52,-0.0116,,,,,
 2021/03/15,810.57,826.98,797.61,813.9,0.0041,,,,,
 2021/03/16,807.46,822.81,796.34,813.48,0.0075,,,,,
 2021/03/17,811.89,824.05,797.07,811.88,0,,,,,
 2021/03/18,813.06,830.03,800.38,819.18,0.0075,,,,,
 2021/03/19,813.31,823.72,791.37,799.97,-0.0164,,,,,
 2021/03/22,801.42,827.87,796.86,817.7,0.0203,,,,,
 2021/03/23,815.88,828.09,798.2,814.91,-0.0012,,,,,
 2021/03/24,807.8,819.29,794.56,807.56,-0.0003,,,,,
 2021/03/25,802.68,827.48,794.27,811.15,0.0106,,,,,
 2021/03/26,810.17,823.56,799.9,814.28,0.0051,,,,,
 2021/03/29,813.31,827.74,801.5,812.92,-0.0005,,,,,
 2021/03/30,812.72,826.44,799.83,810.02,-0.0033,,,,,
 2021/03/31,811.53,824.5,799.75,809.98,-0.0019,,,,,
 2021/04/01,810.74,819.47,798.71,812.74,0.0025,,,,,
 2021/04/02,813.86,823.4,802.97,811.77,-0.0026,,,,,
 2021/04/06,812.64,826.88,804.49,817.38,0.0058,,,,,
 2021/04/07,815.53,824.07,803.42,814.82,-0.0009,,,,,
 2021/04/08,816.53,836.18,807.92,822.76,0.0076,,,,,
 2021/04/09,820.3,833.34,810.89,825.92,0.0069,,,,,
 2021/04/12,828.36,836.4,806.6,812.49,-0.0192,,,,,
 2021/04/13,810.5,824.97,786.8,793.19,-0.0214,,,,,
 2021/04/14,793.18,816.06,789.56,808.08,0.0188,,,,,
 2021/04/15,805.71,813.45,790.62,799.92,-0.0072,,,,,
 2021/04/16,799.54,816.05,789.08,805.46,0.0074,,,,,
 2021/04/19,807.04,828.37,800.98,821.08,0.0174,,,,,
 2021/04/20,819.41,841.61,809.89,826.84,0.0091,,,,,
 2021/04/21,819.06,833.5,808.25,824.41,0.0065,,,,,
 2021/04/22,825.33,835.51,815.39,826.46,0.0014,,,,,
 2021/04/23,825.05,835.26,806.52,817.89,-0.0087,,,,,
 2021/04/26,815.25,836.31,802.99,815.41,0.0002,,,,,
 2021/04/27,815.31,825.82,795.21,806.6,-0.0107,,,,,
 2021/04/28,803.49,818.67,791.09,806.95,0.0043,,,,,
 2021/04/29,806.77,820.32,794.17,807.91,0.0014,,,,,
 2021/04/30,805.29,816.46,787.2,799.04,-0.0078,,,,,
 2021/05/06,795.83,806.92,777.13,787.28,-0.0107,,,,,
 2021/05/07,788.32,803.29,771.88,783.57,-0.006,,,,,
 2021/05/10,784.9,799.23,772.97,785.89,0.0013,,,,,
 2021/05/11,782.71,799.41,767.69,786.97,0.0054,,,,,
 2021/05/12,782.34,809.99,772.11,800.95,0.0238,,,,,
 2021/05/13,793.09,815.82,787.18,797.48,0.0055,,,,,
 2021/05/14,801.59,819.29,792.21,810.64,0.0113,,,,,
 2021/05/17,809.25,829.88,794.59,814.62,0.0066,,,,,
 2021/05/18,813.99,835.5,805.64,825.49,0.0141,,,,,
 2021/05/19,823.1,832.56,809.21,817.44,-0.0069,,,,,
 2021/05/20,817.49,834.14,801.41,818.73,0.0015,,,,,
 2021/05/21,818.61,833.5,803.88,814.74,-0.0047,,,,,
 2021/05/24,812.24,832.75,803.57,824.57,0.0152,,,,,
 2021/05/25,822.19,842.05,814.26,834.45,0.0149,,,,,
 2021/05/26,837.15,857.66,822.42,834.2,-0.0035,,,,,
 2021/05/27,832.17,851.13,823.72,839.74,0.0091,,,,,
 2021/05/28,840.62,852.33,819.84,829.46,-0.0133,,,,,
 2021/05/31,827.71,846.65,817.58,836.66,0.0108,,,,,
 2021/06/01,834.82,857.03,823.76,844.44,0.0115,,,,,
 2021/06/02,844.12,855.02,820.64,827.38,-0.0198,,,,,
 2021/06/03,830.21,848.2,820.2,828.9,-0.0016,,,,,
 2021/06/04,828.06,839.07,817,825.57,-0.003,,,,,
 2021/06/07,826.51,848.57,816.41,840.86,0.0174,,,,,
 2021/06/08,842.91,862.65,826.31,846.56,0.0043,,,,,
 2021/06/09,843.07,853.79,826.37,835.47,-0.009,,,,,
 2021/06/10,836.35,875.39,827.6,864.27,0.0334,,,,,
 2021/06/11,872.02,891.72,849.12,861.81,-0.0117,,,,,
 2021/06/15,863.65,885.45,835.63,851.5,-0.0141,,,,,
 2021/06/16,849.02,865.64,825.62,835.42,-0.016,,,,,
 2021/06/17,834.42,852.98,821.1,838.22,0.0046,,,,,
 2021/06/18,837.3,857.09,823.46,839.31,0.0024,,,,,
 2021/06/21,834.73,861.31,826.4,850.98,0.0195,,,,,
 2021/06/22,851.67,860.84,829.84,835.79,-0.0186,,,,,
 2021/06/23,836.53,854.9,823.68,843.49,0.0083,,,,,
 2021/06/24,841.37,848.27,821.34,827.45,-0.0165,,,,,
 2021/06/25,826.61,838.28,813.26,825.62,-0.0012,,,,,
 2021/06/28,822.29,856.12,808.11,840.88,0.0226,,,,,
 2021/06/29,842.95,856.48,822.51,831.78,-0.0133,,,,,
 2021/06/30,834.86,855.11,820.66,840.75,0.0071,,,,,
 2021/07/01,841.53,861.25,823.89,836.64,-0.0058,,,,,
 2021/07/02,834.82,850.88,817.64,826.24,-0.0103,,,,,
 2021/07/05,828.36,845.97,809.42,824.35,-0.0048,,,,,
 2021/07/06,827.25,842.16,809.11,827.73,0.0006,,,,,
 2021/07/07,819.69,836.4,809.84,827.47,0.0095,,,,,
 2021/07/08,831.58,845.89,814.79,825.72,-0.007,,,,,
 2021/07/09,816.73,832.87,799.31,820.54,0.0047,,,,,
 2021/07/12,822.67,852.05,812.69,839.67,0.0207,,,,,
 2021/07/13,838.32,859.55,823.83,835.84,-0.003,,,,,
 2021/07/14,837.67,845.83,817.39,823.78,-0.0166,,,,,
 2021/07/15,824.11,833.88,805.12,818.09,-0.0073,,,,,
 2021/07/16,817.56,836.84,806.55,819.62,0.0025,,,,,
 2021/07/19,818.27,830.87,801.82,821.53,0.004,,,,,
 2021/07/20,814.65,823.65,801.95,814.4,-0.0003,,,,,
 2021/07/21,814.91,829.43,803.63,813.5,-0.0017,,,,,
 2021/07/22,812.82,824.47,800.43,813.09,0.0003,,,,,
 2021/07/23,812.36,819.17,775.61,791.42,-0.0258,,,,,
 2021/07/26,785.02,789.92,742.01,753.16,-0.0406,,,,,
 2021/07/27,753.53,770.96,733.89,742.63,-0.0145,,,,,
 2021/07/28,741.85,753.35,713.23,728.83,-0.0176,,,,,
 2021/07/29,738.26,749.97,727.86,742.58,0.0059,,,,,
 2021/07/30,739.03,760.28,729.64,748.83,0.0133,,,,,
 2021/08/02,745.44,768.2,731.87,757,0.0155,,,,,
 2021/08/03,755.03,776.22,737.92,751.87,-0.0042,,,,,
 2021/08/04,748.11,760.06,736.61,750.17,0.0028,,,,,
 2021/08/05,746.68,753.78,728.6,735.41,-0.0151,,,,,
 2021/08/06,735.74,744.35,715.5,725.52,-0.0139,,,,,
 2021/08/09,722.87,744.34,717.54,737.52,0.0203,,,,,
 2021/08/10,736.43,747.21,725.68,738.73,0.0031,,,,,
 2021/08/11,739.76,750.29,729.54,736.62,-0.0042,,,,,
 2021/08/12,737.26,754.32,730.01,739.39,0.0029,,,,,
 2021/08/13,737.86,746.17,720.37,731.08,-0.0092,,,,,
 2021/08/16,728.42,742.09,716.66,729.27,0.0012,,,,,
 2021/08/17,727.66,743.91,712.37,719.87,-0.0107,,,,,
 2021/08/18,717.87,730.38,705.75,722.05,0.0058,,,,,
 2021/08/19,717.91,737.58,712.31,726.98,0.0126,,,,,
 2021/08/20,725.06,736.17,708.9,722.46,-0.0036,,,,,
 2021/08/23,722.66,744.54,718.55,736.93,0.0197,,,,,
 2021/08/24,735.61,744.99,721.67,730.43,-0.007,,,,,
 2021/08/25,731.79,748.64,723.75,736.14,0.0059,,,,,
 2021/08/26,736.3,744.76,717.36,727.5,-0.012,,,,,
 2021/08/27,724.32,737.13,713.85,724.44,0.0002,,,,,
 2021/08/30,728.16,747.77,712.96,727,-0.0016,,,,,
 2021/08/31,724.32,740.07,705.42,725.75,0.002,,,,,
 2021/09/01,725.26,748.27,711.82,736.73,0.0158,,,,,
 2021/09/02,733.37,746.16,717.44,734.36,0.0013,,,,,
 2021/09/03,736.86,759.58,728.38,745.74,0.0121,,,,,
 2021/09/06,746.72,768.63,736.54,757.52,0.0145,,,,,
 2021/09/07,756.27,776.03,748.34,765.57,0.0123,,,,,
 2021/09/08,769.66,810.21,762.7,800.54,0.0401,,,,,
 2021/09/09,791.97,808.79,776.12,790.92,-0.0013,,,,,
 2021/09/10,788.9,807.65,773.26,787.7,-0.0015,,,,,
 2021/09/13,778.09,810.8,765.19,792.76,0.0189,,,,,
 2021/09/14,791.26,812.4,772.46,781.6,-0.0122,,,,,
 2021/09/15,780.18,799.25,767.19,781.29,0.0014,,,,,
 2021/09/16,782.53,798.85,763.63,775.11,-0.0095,,,,,
 2021/09/17,772,785.64,747.8,768.21,-0.0049,,,,,
 2021/09/22,758.85,773.06,745.56,756.65,-0.0029,,,,,
 2021/09/23,761.66,781.4,753.92,768.42,0.0089,,,,,
 2021/09/24,766.47,784.91,754.17,764.13,-0.0031,,,,,
 2021/09/27,768.62,782.33,738,745.33,-0.0303,,,,,
 2021/09/28,742.55,759.26,730.81,745.95,0.0046,,,,,
 2021/09/29,741.02,748.32,716.76,722.01,-0.0257,,,,,
 2021/09/30,725.64,748.12,721.01,738.41,0.0176,,,,,
 2021/10/08,750.54,769.83,738.41,758.3,0.0103,,,,,
 2021/10/11,761.04,777.8,746.81,765.18,0.0054,,,,,
 2021/10/12,762.64,770.82,739.1,746.9,-0.0206,,,,,
 2021/10/13,750.22,765.6,738.99,755.7,0.0073,,,,,
 2021/10/14,755.16,771.47,745.07,760.81,0.0075,,,,,
 2021/10/15,758.37,770.69,746.47,753.54,-0.0064,,,,,
 2021/10/18,751.41,758.27,721.96,735.52,-0.0211,,,,,
 2021/10/19,734.67,748.81,723.62,740.59,0.0081,,,,,
 2021/10/20,740.79,751.11,724.95,732.34,-0.0114,,,,,
 2021/10/21,732.65,744.78,720.15,729.07,-0.0049,,,,,
 2021/10/22,729.39,745.7,721.87,731.33,0.0027,,,,,
 2021/10/25,727.99,738.37,714.77,730.72,0.0038,,,,,
 2021/10/26,729.21,742.46,718.22,727.13,-0.0029,,,,,
 2021/10/27,727.18,732.81,705.91,713.88,-0.0183,,,,,
 2021/10/28,713.66,731.08,701.74,718.55,0.0069,,,,,
 2021/10/29,718.25,749.12,711.22,740.61,0.0311,,,,,
 2021/11/01,741.06,763.44,731.27,752.72,0.0157,,,,,
 2021/11/02,750.06,761.22,731.25,740.38,-0.0129,,,,,
 2021/11/03,739.06,764.75,735.83,750.09,0.0149,,,,,
 2021/11/04,751.64,771.94,743.18,761.97,0.0137,,,,,
 2021/11/05,761.6,797.78,752.44,773.01,0.015,,,,,
 2021/11/08,779.07,795.38,764.09,778.66,-0.0005,,,,,
 2021/11/09,775.88,793.37,762.95,778.85,0.0038,,,,,
 2021/11/10,779.64,798.96,769.97,785.57,0.0076,,,,,
 2021/11/11,782.39,813.23,771.35,802.52,0.0257,,,,,
 2021/11/12,798.31,820.49,787.44,809.74,0.0143,,,,,
 2021/11/15,812.75,844.4,800,826.94,0.0175,,,,,
 2021/11/16,823.11,850,811.51,825.06,0.0024,,,,,
 2021/11/17,823.26,847.49,814.22,831.41,0.0099,,,,,
 2021/11/18,830.54,840.18,798.21,809.24,-0.0256,,,,,
 2021/11/19,811.44,837.23,802.12,820.95,0.0117,,,,,
 2021/11/22,821.44,839.63,807.3,824.69,0.004,,,,,
 2021/11/23,822.65,837.1,800.06,817.99,-0.0057,,,,,
 2021/11/24,816.59,837.77,802.99,823.31,0.0082,,,,,
 2021/11/25,823.11,835.93,803.73,810.09,-0.0158,,,,,
 2021/11/26,804.56,816.56,789.09,799.69,-0.0061,,,,,
 2021/11/29,787.5,808.42,776.16,795.06,0.0096,,,,,
 2021/11/30,801.83,816.31,786.1,797.79,-0.005,,,,,
 2021/12/01,797.65,818.66,787.45,808.01,0.013,,,,,
 2021/12/02,806.77,818.17,787.34,792.96,-0.0171,,,,,
 2021/12/03,796.04,812.13,785.32,800.46,0.0056,,,,,
 2021/12/06,797.39,810.7,779.85,784.53,-0.0161,,,,,
 2021/12/07,789.75,802.73,771.07,785.8,-0.005,,,,,
 2021/12/08,785.81,808.26,777.97,799.6,0.0175,,,,,
 2021/12/09,797.84,816.29,791.7,803.76,0.0074,,,,,
 2021/12/10,800.11,820.3,793.06,809.53,0.0118,,,,,
 2021/12/13,812.03,848.41,804.71,833.84,0.0269,,,,,
 2021/12/14,834.62,859.51,822.5,839.56,0.0059,,,,,
 2021/12/15,835.23,858.39,821.44,835.48,0.0003,,,,,
 2021/12/16,837.6,868.71,830.38,853.16,0.0186,,,,,
 2021/12/17,853.17,878.67,832.61,850.96,-0.0026,,,,,
 2021/12/20,846.5,866.45,822.14,826.62,-0.0235,,,,,
 2021/12/21,827.39,859.46,818.03,843.84,0.0199,,,,,
 2021/12/22,846.14,883.81,838.17,864.62,0.0218,,,,,
 2021/12/23,865.68,883.96,842.39,857.4,-0.0096,,,,,
 2021/12/24,860.71,876.72,838.67,849.81,-0.0127,,,,,
 2021/12/27,850.01,861.73,820.06,833.22,-0.0198,,,,,
 2021/12/28,835.44,857.33,824.02,837.51,0.0025,,,,,
 2021/12/29,835.01,845.5,813.51,824.19,-0.013,,,,,
 2021/12/30,823.47,870.27,819.32,854.67,0.0379,,,,,
 2021/12/31,855.24,880.3,840.28,858.1,0.0033,,,,,
 2022/01/04,867.57,914.03,851.87,896.25,0.0331,,,,,
 2022/01/05,894.48,923.57,873.54,898.26,0.0042,,,,,
 2022/01/06,892.63,911.25,867.64,891.98,-0.0007,,,,,
 2022/01/07,892.9,918.38,863.45,870.93,-0.0246,,,,,
 2022/01/10,864.66,889.03,845.15,875.4,0.0124,,,,,
 2022/01/11,874.43,884.92,844.44,851.2,-0.0266,,,,,
 2022/01/12,855.03,879.32,843.05,865.16,0.0118,,,,,
 2022/01/13,868.94,887.32,851.7,864.24,-0.0054,,,,,
 2022/01/14,858.96,894.51,847.59,875.56,0.0193,,,,,
 2022/01/17,882.53,921.72,876.2,910.68,0.0319,,,,,
 2022/01/18,919.89,940.1,888.37,903.78,-0.0175,,,,,
 2022/01/19,905.69,939.96,891.79,914.22,0.0094,,,,,
 2022/01/20,910.48,929.37,877.77,897.58,-0.0142,,,,,
 2022/01/21,892.5,918.75,870.01,882.25,-0.0115,,,,,
 2022/01/24,872.4,901.81,861.17,884.72,0.0141,,,,,
 2022/01/25,878.44,886.67,833.74,837.11,-0.047,,,,,
 2022/01/26,842.27,859.11,818.14,833.77,-0.0101,,,,,
 2022/01/27,830.07,835.73,790.34,794.41,-0.043,,,,,
 2022/01/28,798.91,818.29,781.34,794.51,-0.0055,,,,,
 2022/02/07,805.74,813.38,780.33,796.1,-0.012,,,,,
 2022/02/08,794.84,818.56,776.44,806.43,0.0146,,,,,
 2022/02/09,805.76,833.03,794.48,825.1,0.024,,,,,
 2022/02/10,822.52,839.49,809.53,826.14,0.0044,,,,,
 2022/02/11,823.6,840.69,804.3,811.12,-0.0152,,,,,
 2022/02/14,805.31,828.34,790.37,807.73,0.003,,,,,
 2022/02/15,805.14,827.64,794.96,813.49,0.0104,,,,,
 2022/02/16,819.53,834.04,807.62,818.46,-0.0013,,,,,
 2022/02/17,813.15,824.45,798.4,805.93,-0.0089,,,,,
 2022/02/18,800.8,824.83,796.17,817.71,0.0211,,,,,
 2022/02/21,818.68,845.47,803.93,826.42,0.0095,,,,,
 2022/02/22,817.14,826.71,789.45,801.96,-0.0186,,,,,
 2022/02/23,804.12,825.15,795.61,815.57,0.0142,,,,,
 2022/02/24,810.2,821.24,765.7,779.99,-0.0373,,,,,
 2022/02/25,789.56,801.79,779.2,785.93,-0.0046,,,,,
 2022/02/28,786.04,796.02,766.92,786.57,0.0007,,,,,
 2022/03/01,785.7,797.56,778.47,788.9,0.0041,,,,,
 2022/03/02,782.88,797.24,773.83,785.83,0.0038,,,,,
 2022/03/03,787.86,798.6,771.69,781.27,-0.0084,,,,,
 2022/03/04,772.56,785.61,748.28,760.8,-0.0152,,,,,
 2022/03/07,753.28,758.06,722.28,730.05,-0.0308,,,,,
 2022/03/08,729.25,739.6,701.8,709.21,-0.0275,,,,,
 2022/03/09,711.12,725.63,669.77,707.35,-0.0053,,,,,
 2022/03/10,721.61,729.8,704.99,710.23,-0.0158,,,,,
 2022/03/11,698.01,727.03,686.11,720.15,0.0317,,,,,
 2022/03/14,713.49,727.45,698.36,702.43,-0.0155,,,,,
 2022/03/15,698.14,709.04,664.41,668.25,-0.0428,,,,,
 2022/03/16,680.61,706.82,658.29,702.42,0.032,,,,,
 2022/03/17,715.26,738.63,708.21,721.51,0.0087,,,,,
 2022/03/18,715.76,739.11,709.44,731.27,0.0217,,,,,
 2022/03/21,734.59,750.79,722.26,736.11,0.0021,,,,,
 2022/03/22,733.29,750.4,721.41,737.54,0.0058,,,,,
 2022/03/23,737.96,751.78,727.36,739.52,0.0021,,,,,
 2022/03/24,734.01,739.66,716.76,721.7,-0.0168,,,,,
 2022/03/25,723.76,737.67,711.47,717.46,-0.0087,,,,,
 2022/03/28,713.21,736.22,703.72,726.63,0.0188,,,,,
 2022/03/29,727.72,736.36,710.74,717.5,-0.014,,,,,
 2022/03/30,722.62,740.93,713.58,731.91,0.0129,,,,,
 2022/03/31,728.94,742.64,720.06,729.7,0.001,,,,,
 2022/04/01,724.99,753.02,715.3,743.18,0.0251,,,,,
 2022/04/06,741.94,760.24,733.48,746.69,0.0064,,,,,
 2022/04/07,741.6,752.63,718.24,721.85,-0.0266,,,,,
 2022/04/08,722.22,734.27,697.16,711.02,-0.0155,,,,,
 2022/04/11,706.94,716.68,674.06,685.63,-0.0301,,,,,
 2022/04/12,698.26,717.89,672.79,700.04,0.0025,,,,,
 2022/04/13,689.89,697.15,667.73,670.35,-0.0283,,,,,
 2022/04/14,674.12,694.99,666.86,684.05,0.0147,,,,,
 2022/04/15,678.13,687.85,660.11,668.22,-0.0146,,,,,
 2022/04/18,663.26,679.46,648.72,671.04,0.0117,,,,,
 2022/04/19,669.11,685.92,662.84,676.37,0.0109,,,,,
 2022/04/20,678.38,691.13,663.93,669.32,-0.0134,,,,,
 2022/04/21,666.45,677.03,643.04,647.23,-0.0288,,,,,
 2022/04/22,641.95,652.14,626.34,636.92,-0.0078,,,,,
 2022/04/25,621.74,627.65,586.69,590.03,-0.051,,,,,
 2022/04/26,593.55,607.5,570.74,579.19,-0.0242,,,,,
 2022/04/27,569.22,602.28,557.72,599.13,0.0525,,,,,
 2022/04/28,594.74,604.98,577.73,588.99,-0.0097,,,,,
 2022/04/29,597.82,633.8,591.89,628.95,0.0521,,,,,
 2022/05/05,625.77,641.64,617.05,631.81,0.0097,,,,,
 2022/05/06,616.19,639.34,605.74,625.31,0.0148,,,,,
 2022/05/09,623.75,639.81,615.25,624.64,0.0014,,,,,
 2022/05/10,616.16,636.62,607.65,632.41,0.0264,,,,,
 2022/05/11,635.11,657.88,628.49,638.34,0.0051,,,,,
 2022/05/12,634.81,649.88,628.91,643.33,0.0134,,,,,
 2022/05/13,646.03,653.92,634.22,644.13,-0.0029,,,,,
 2022/05/16,647.19,657.95,638.62,646.98,-0.0003,,,,,
 2022/05/17,646.07,658,630.63,647.34,0.002,,,,,
 2022/05/18,650.5,663.49,637.88,643.24,-0.0112,,,,,
 2022/05/19,631.44,648.49,627.36,643.54,0.0192,,,,,
 2022/05/20,646.61,655.4,638.2,648.93,0.0036,,,,,
 2022/05/23,654.99,667.31,648.37,658.24,0.005,,,,,
 2022/05/24,656.94,665.71,629.02,630.81,-0.0398,,,,,
 2022/05/25,630.25,651.88,624.98,645.03,0.0235,,,,,
 2022/05/26,645.78,655.77,634.02,649.53,0.0058,,,,,
 2022/05/27,650.97,660.37,638.53,645.21,-0.0088,,,,,
 2022/05/30,648.54,657.96,638.66,651.54,0.0046,,,,,
 2022/05/31,651.18,668.71,642.1,663.03,0.0182,,,,,
 2022/06/01,662.32,681.35,654.25,666.7,0.0066,,,,,
 2022/06/02,664.15,675.09,653.03,668.99,0.0073,,,,,
 2022/06/06,669.74,686.05,665.87,680.01,0.0153,,,,,
 2022/06/07,680.08,690.28,667.32,678.58,-0.0022,,,,,
 2022/06/08,681.94,692.02,663.58,678.72,-0.0047,,,,,
 2022/06/09,676.82,685.91,660.48,666.62,-0.0151,,,,,
 2022/06/10,662.79,682.92,659.96,678.59,0.0238,,,,,
 2022/06/13,673.38,687.41,664.23,679.13,0.0085,,,,,
 2022/06/14,671.21,686.84,651.69,682.05,0.0161,,,,,
 2022/06/15,680.64,698.97,672.87,680.67,0,,,,,
 2022/06/16,681.61,706.87,676.92,695.05,0.0197,,,,,
 2022/06/17,692.36,700.93,677.14,690.99,-0.002,,,,,
 2022/06/20,690.24,703.96,682.81,694.72,0.0065,,,,,
 2022/06/21,694.35,708.06,683.06,697.49,0.0045,,,,,
 2022/06/22,701.02,710.25,680.91,684.27,-0.0239,,,,,
 2022/06/23,686.13,707.19,675.55,701.6,0.0225,,,,,
 2022/06/24,703.7,716.86,689.84,704.41,0.001,,,,,
 2022/06/27,707.93,722.46,699.58,708.02,0.0001,,,,,
 2022/06/28,706.64,724,696.17,718.91,0.0174,,,,,
 2022/06/29,717.79,730.6,702.12,707.21,-0.0147,,,,,
 2022/06/30,712.19,732.22,703.93,715.11,0.0041,,,,,
 2022/07/01,714.8,724.53,698.2,708.83,-0.0084,,,,,
 2022/07/04,707.15,717.31,695.9,709.46,0.0033,,,,,
 2022/07/05,709.7,718.06,688.79,698.85,-0.0153,,,,,
 2022/07/06,696.05,706.24,680.37,689.83,-0.0089,,,,,
 2022/07/07,690.73,700.78,682.28,691.08,0.0005,,,,,
 2022/07/08,694.61,708.99,680.18,688.88,-0.0082,,,,,
 2022/07/11,685.99,693.88,670.94,680.62,-0.0078,,,,,
 2022/07/12,682.23,692.67,669.95,676.19,-0.0089,,,,,
 2022/07/13,678.06,690.12,669.73,680.6,0.0037,,,,,
 2022/07/14,677.93,691.06,670.07,681.35,0.005,,,,,
 2022/07/15,679.98,693.22,665.01,672.41,-0.0111,,,,,
 2022/07/18,673.6,696.32,667.42,688.68,0.0224,,,,,
 2022/07/19,691.9,710.9,682.91,701.57,0.014,,,,,
 2022/07/20,703.68,715.48,693.88,704.45,0.0011,,,,,
 2022/07/21,703.43,724.79,698.73,709.74,0.009,,,,,
 2022/07/22,709.84,720.31,694.53,704.15,-0.008,,,,,
 2022/07/25,704.89,711.37,688.54,694.15,-0.0152,,,,,
 2022/07/26,696.99,712.47,689.84,704.95,0.0114,,,,,
 2022/07/27,702.53,713.78,694.39,702.05,-0.0007,,,,,
 2022/07/28,704.85,713.63,696.22,699.91,-0.007,,,,,
 2022/07/29,700.4,714.63,685.96,697.84,-0.0037,,,,,
 2022/08/01,698.06,713.38,690.08,705.82,0.0111,,,,,
 2022/08/02,699.86,703.65,668.34,679.26,-0.0294,,,,,
 2022/08/03,681.72,699.28,669.96,675.97,-0.0084,,,,,
 2022/08/04,678.13,688.49,666.04,679.6,0.0022,,,,,
 2022/08/05,681.4,701.8,675.81,695.25,0.0203,,,,,
 2022/08/08,692.12,706.45,683.75,699.61,0.0108,,,,,
 2022/08/09,699.33,710.26,688.56,698.35,-0.0014,,,,,
 2022/08/10,697.84,704.7,682.49,688.8,-0.013,,,,,
 2022/08/11,691.18,709.14,684.65,700.77,0.0139,,,,,
 2022/08/12,702.59,714.35,693.22,702.69,0.0001,,,,,
 2022/08/15,706.75,714.06,696.03,704.53,-0.0031,,,,,
 2022/08/16,704.25,713.78,694.23,703.56,-0.001,,,,,
 2022/08/17,705.37,721.28,695.21,713.91,0.0121,,,,,
 2022/08/18,712.27,720.42,698.12,708.36,-0.0055,,,,,
 2022/08/19,709.34,726.47,694.8,701.53,-0.011,,,,,
 2022/08/22,699.34,720.82,688.97,713.72,0.0206,,,,,
 2022/08/23,710.89,720.25,701.15,709.9,-0.0014,,,,,
 2022/08/24,712.64,720.49,689.03,692.6,-0.0281,,,,,
 2022/08/25,694.85,702.74,673.33,687.84,-0.0101,,,,,
 2022/08/26,690.24,704.84,680.91,688.98,-0.0018,,,,,
 2022/08/29,681.26,696.56,673.31,689.77,0.0125,,,,,
 2022/08/30,689.34,707.22,682.08,696.49,0.0104,,,,,
 2022/08/31,698.03,711.73,683.19,689.78,-0.0118,,,,,
 2022/09/01,686.18,695.95,670.91,679.71,-0.0094,,,,,
 2022/09/02,679.44,697.25,670.58,689.68,0.0151,,,,,
 2022/09/05,688.86,696.12,672.29,681.4,-0.0108,,,,,
 2022/09/06,682.93,695.25,675.1,689.24,0.0092,,,,,
 2022/09/07,686.67,694.72,674.94,681.93,-0.0069,,,,,
 2022/09/08,683.07,692.85,667.46,674.66,-0.0123,,,,,
 2022/09/09,675.16,684.4,664.21,678.5,0.0049,,,,,
 2022/09/13,679.14,690.08,673.1,680.36,0.0018,,,,,
 2022/09/14,671.6,681.45,664.82,674.76,0.0047,,,,,
 2022/09/15,676.53,685.63,655.29,664.89,-0.0172,,,,,
 2022/09/16,663.13,676.37,651.06,654.06,-0.0137,,,,,
 2022/09/19,651.95,661.49,635.96,646.69,-0.0081,,,,,
 2022/09/20,650.09,660.52,642.52,649.42,-0.001,,,,,
 2022/09/21,646.29,659.09,632.71,653.2,0.0107,,,,,
 2022/09/22,649.22,660.03,639.89,645.45,-0.0058,,,,,
 2022/09/23,645.62,652.76,626.1,633.17,-0.0193,,,,,
 2022/09/26,629.25,643.83,617.11,628.46,-0.0013,,,,,
 2022/09/27,629.23,648.56,622.95,643.99,0.0235,,,,,
 2022/09/28,641.83,646.61,623.58,626.12,-0.0245,,,,,
 2022/09/29,632.08,640.19,612.5,617.34,-0.0233,,,,,
 2022/09/30,616.58,625.53,604.56,609.84,-0.0109,,,,,
 2022/10/10,611.05,616.25,587.48,591.93,-0.0313,,,,,
 2022/10/11,591,600.34,577.58,589.4,-0.0027,,,,,
 2022/10/12,588.1,604.61,576.12,602.81,0.025,,,,,
 2022/10/13,600.18,619.91,593.53,607.4,0.012,,,,,
 2022/10/14,610.64,625.36,606.06,618.65,0.0131,,,,,
 2022/10/17,616.57,633.75,611.69,627.3,0.0174,,,,,
 2022/10/18,630.17,637.43,618.96,626.15,-0.0064,,,,,
 2022/10/19,623.62,631.61,614.68,619.55,-0.0065,,,,,
 2022/10/20,617.01,634.79,610.47,622.21,0.0084,,,,,
 2022/10/21,622.35,628.3,610.64,616.87,-0.0088,,,,,
 2022/10/24,618,632.2,601.82,608.63,-0.0152,,,,,
 2022/10/25,608.12,616.65,591.21,602.68,-0.0089,,,,,
 2022/10/26,605,628.66,601.18,620.86,0.0262,,,,,
 2022/10/27,623.02,637.18,615.31,625.86,0.0046,,,,,
 2022/10/28,625.75,631.96,600.15,604.71,-0.0336,,,,,
 2022/10/31,605.7,629.97,601.58,620.84,0.025,,,,,
 2022/11/01,623.69,643.62,615.04,639.29,0.025,,,,,
 2022/11/02,647.56,675.22,640.33,658.19,0.0164,,,,,
 2022/11/03,651.72,669.13,640.33,652.06,0.0005,,,,,
 2022/11/04,650.17,678.08,645.6,670.19,0.0308,,,,,
 2022/11/07,664.54,687.77,659.75,678.25,0.0206,,,,,
 2022/11/08,676.94,686.7,664.7,676.3,-0.0009,,,,,
 2022/11/09,674.95,686.14,665.24,671.87,-0.0046,,,,,
 2022/11/10,667.7,692.45,662.5,684.67,0.0254,,,,,
 2022/11/11,702.67,710.89,677.33,686.53,-0.023,,,,,
 2022/11/14,688.01,699.95,674.61,686.72,-0.0019,,,,,
 2022/11/15,685.1,704.95,679.87,695.4,0.015,,,,,
 2022/11/16,699.24,723.05,689.84,705.73,0.0093,,,,,
 2022/11/17,714.67,734.42,698.49,724.84,0.0142,,,,,
 2022/11/18,722.84,747.89,709.3,713.39,-0.0131,,,,,
 2022/11/21,707.38,721.46,691.79,704.04,-0.0047,,,,,
 2022/11/22,701.34,715.87,687.54,695.76,-0.008,,,,,
 2022/11/23,694,701.64,673.7,686.33,-0.0111,,,,,
 2022/11/24,686.64,693.81,673.72,679.02,-0.0111,,,,,
 2022/11/25,679.32,690.87,668.73,678.51,-0.0012,,,,,
 2022/11/28,667.2,685.94,659.33,675.49,0.0124,,,,,
 2022/11/29,676.99,699.14,671.72,691.91,0.022,,,,,
 2022/11/30,690.65,703.82,678.83,691.64,0.0014,,,,,
 2022/12/01,702.91,717.71,688.1,698.76,-0.0059,,,,,
 2022/12/02,697.86,718.3,693.13,705.85,0.0114,,,,,
 2022/12/05,712.79,721.46,699.2,708.56,-0.0059,,,,,
 2022/12/06,706.37,718.55,694.46,702.06,-0.0061,,,,,
 2022/12/07,698.98,715.19,690.67,702.64,0.0052,,,,,
 2022/12/08,701.32,707.44,686.26,694.56,-0.0096,,,,,
 2022/12/09,695.66,703.5,682.06,690.03,-0.0081,,,,,
 2022/12/12,688.04,700.15,678.22,687.55,-0.0007,,,,,
 2022/12/13,686.94,699.84,674.05,683,-0.0057,,,,,
 2022/12/14,682.15,696.88,676.68,687.87,0.0084,,,,,
 2022/12/15,687.28,701.49,678.16,689.87,0.0038,,,,,
 2022/12/16,685.17,691.09,672.36,679.07,-0.0089,,,,,
 2022/12/19,677.52,686.55,662.08,668.25,-0.0137,,,,,
 2022/12/20,672.19,679.41,655.03,660.95,-0.0167,,,,,
 2022/12/21,660.47,671.61,651.08,660.14,-0.0005,,,,,
 2022/12/22,663.54,676.48,653.82,659.88,-0.0055,,,,,
 2022/12/23,656.55,677.86,651.41,669.59,0.0199,,,,,
 2022/12/26,669.46,685.82,662.67,676.48,0.0105,,,,,
 2022/12/27,677.07,683.13,660.26,672.21,-0.0072,,,,,
 2022/12/28,669.2,680.61,657.7,668.43,-0.0012,,,,,
 2022/12/29,669.89,685.67,661.73,668.42,-0.0022,,,,,
 2022/12/30,668.82,685.56,662.26,676.26,0.0111,,,,,
 2023/01/03,677.05,703.15,670.53,698.62,0.0319,,,,,
 2023/01/04,699.61,717.37,692.9,708.07,0.0121,,,,,
 2023/01/05,709.9,726.19,699.23,713.63,0.0053,,,,,
 2023/01/06,711.21,718.88,696.43,704.24,-0.0098,,,,,
 2023/01/09,706.74,720.35,700.6,710.29,0.005,,,,,
 2023/01/10,712.24,729.07,703.39,722.17,0.0139,,,,,
 2023/01/11,723.19,730.29,704,710.66,-0.0173,,,,,
 2023/01/12,712.37,723.57,701.87,710.35,-0.0028,,,,,
 2023/01/13,711.87,722.77,699.77,715.31,0.0048,,,,,
 2023/01/16,716.73,732.87,706.71,718.98,0.0031,,,,,
 2023/01/17,719.82,726.62,705.85,713.95,-0.0082,,,,,
 2023/01/18,717.69,736.8,710.17,726.43,0.0122,,,,,
 2023/01/19,723.27,740.59,715.42,735.06,0.0163,,,,,
 2023/01/20,737.19,754.15,729.08,743.68,0.0088,,,,,
 2023/01/30,758.97,772.06,739.52,753.54,-0.0072,,,,,
 2023/01/31,752.03,763.25,737.6,749.01,-0.004,,,,,
 2023/02/01,750.75,769.72,741.63,764.79,0.0187,,,,,
 2023/02/02,765.2,785.3,756.63,768.83,0.0047,,,,,
 2023/02/03,765.82,789.64,757.54,780.24,0.0188,,,,,
 2023/02/06,779.37,799,762.75,781.93,0.0033,,,,,
 2023/02/07,779.85,801.1,761.82,784.39,0.0058,,,,,
 2023/02/08,783.48,794.16,762.59,770.6,-0.0164,,,,,
 2023/02/09,765.91,788.18,755.76,782.88,0.0222,,,,,
 2023/02/10,783.38,798.47,770.79,779.44,-0.005,,,,,
 2023/02/13,777.8,795.94,768.29,785.01,0.0093,,,,,
 2023/02/14,787.86,798.85,773.16,779.89,-0.0101,,,,,
 2023/02/15,780.39,803.11,773.2,795.32,0.0191,,,,,
 2023/02/16,793.43,822.78,775.57,787.88,-0.007,,,,,
 2023/02/17,787.86,796.16,761.04,765.8,-0.028,,,,,
 2023/02/20,769.06,802.12,763.4,796.48,0.0357,,,,,
 2023/02/21,798.32,815.6,781.34,793.5,-0.006,,,,,
 2023/02/22,787.6,801.07,773.18,788.97,0.0017,,,,,
 2023/02/23,788.46,796.03,767.51,774.74,-0.0174,,,,,
 2023/02/24,775.41,785.66,765.99,775.63,0.0003,,,,,
 2023/02/27,772,783.62,759.32,764.72,-0.0094,,,,,
 2023/02/28,772.55,785,759.26,773.67,0.0014,,,,,
 2023/03/01,773.8,812.36,769.02,804.71,0.0399,,,,,
 2023/03/02,806.86,830.62,799.08,821.95,0.0187,,,,,
 2023/03/03,815.8,830.54,800.41,814.29,-0.0019,,,,,
 2023/03/06,816.69,833.35,803.33,816.34,-0.0004,,,,,
 2023/03/07,815.37,826.03,791.83,794.89,-0.0251,,,,,
 2023/03/08,794.25,813.19,787.14,806.15,0.015,,,,,
 2023/03/09,805.35,816.76,789.91,804.76,-0.0007,,,,,
 2023/03/10,796.23,813.59,788.03,794.97,-0.0016,,,,,
 2023/03/13,791.91,825.01,780.56,817.27,0.032,,,,,
 2023/03/14,816.06,834.2,799.02,809.85,-0.0076,,,,,
 2023/03/15,816.32,834.89,801.88,811.94,-0.0054,,,,,
 2023/03/16,805.79,826.52,791.54,809.04,0.004,,,,,
 2023/03/17,817.24,864.32,813.42,851.06,0.0414,,,,,
 2023/03/20,867.75,894.71,844.11,859.54,-0.0095,,,,,
 2023/03/21,857.17,898.93,848.1,883.38,0.0306,,,,,
 2023/03/22,881.91,911.42,861.52,898.76,0.0191,,,,,
 2023/03/23,891.43,919.59,873.49,904.13,0.0142,,,,,
 2023/03/24,903.66,952.75,894.26,934.92,0.0346,,,,,
 2023/03/27,934.37,969.96,907.61,933.32,-0.0011,,,,,
 2023/03/28,923.86,942.7,893.01,907.31,-0.0179,,,,,
 2023/03/29,907.23,930.92,888.69,908.88,0.0018,,,,,
 2023/03/30,906.74,925.65,884.38,900.16,-0.0073,,,,,
 2023/03/31,898.31,939.69,881.28,932.26,0.0378,,,,,
 2023/04/03,927.07,989.68,916.21,976.52,0.0533,,,,,
 2023/04/04,976.79,1019.39,956.5,982.95,0.0063,,,,,
 2023/04/06,963.37,988.81,936.47,958.89,-0.0047,,,,,
 2023/04/07,962.31,1011.16,942.62,992.11,0.031,,,,,
 2023/04/10,1004.55,1034.94,943.75,957.37,-0.047,,,,,
 2023/04/11,954.24,1007.75,935.91,982.46,0.0296,,,,,
 2023/04/12,986.71,1037.57,965.17,1016.53,0.0302,,,,,
 2023/04/13,1009.94,1045.19,976.42,992.99,-0.0168,,,,,
 2023/04/14,989.58,1012.72,944.16,979.55,-0.0101,,,,,
 2023/04/17,970.7,985.89,940.6,957.28,-0.0138,,,,,
 2023/04/18,954.85,975.35,930.9,957.92,0.0032,,,,,
 2023/04/19,954.44,993.49,943.54,964.16,0.0102,,,,,
 2023/04/20,961.09,1011.92,950.05,1001,0.0415,,,,,
 2023/04/21,997.89,1015.31,936.15,948.94,-0.0491,,,,,
 2023/04/24,947.93,994.14,928.16,966.33,0.0194,,,,,
 2023/04/25,966.44,1012.41,934.77,987.25,0.0215,,,,,
 2023/04/26,985.02,1022.56,933.16,974.77,-0.0104,,,,,
 2023/04/27,960.24,976.81,906.76,921.75,-0.0401,,,,,
 2023/04/28,921.9,995.28,916.54,984.57,0.068,,,,,
 2023/05/04,1000.64,1042.46,970.69,1020.1,0.0194,,,,,
 2023/05/05,1012.45,1037.58,976.05,1002.67,-0.0097,,,,,
 2023/05/08,998.36,1030.97,967.04,1006.79,0.0084,,,,,
 2023/05/09,996.45,1035.23,968.05,991.65,-0.0048,,,,,
 2023/05/10,985.3,1021.52,953.71,985.16,-0.0001,,,,,
 2023/05/11,989.9,1040.94,973.67,1006.56,0.0168,,,,,
 2023/05/12,997.92,1018.31,955.23,964.81,-0.0332,,,,,
 2023/05/15,964.98,982.16,919.67,952.17,-0.0133,,,,,
 2023/05/16,958.54,970.56,912.18,920.65,-0.0395,,,,,
 2023/05/17,909.57,955.9,903.9,934.33,0.0272,,,,,
 2023/05/18,930.53,985.64,919.86,971.6,0.0441,,,,,
 2023/05/19,966.99,993.78,944.23,956.33,-0.011,,,,,
 2023/05/22,950.29,971.2,919.69,943.55,-0.0071,,,,,
 2023/05/23,940.94,958.54,909.53,921.32,-0.0209,,,,,
 2023/05/24,917.17,947.47,901.69,927.5,0.0113,,,,,
 2023/05/25,924.25,944.9,880.3,905.13,-0.0207,,,,,
 2023/05/26,904.35,944.73,889.73,932.01,0.0306,,,,,
 2023/05/29,937.4,983.45,924.25,958.91,0.0229,,,,,
 2023/05/30,949.71,995.55,925.36,990.87,0.0433,,,,,
 2023/05/31,994.09,1041.66,983.53,1022.06,0.0281,,,,,
 2023/06/01,1007.74,1061.08,995.66,1033.35,0.0254,,,,,
 2023/06/02,1033.34,1058.47,1012.68,1029.42,-0.0038,,,,,
 2023/06/05,1027.42,1063.51,1015.21,1043.37,0.0155,,,,,
 2023/06/06,1039.66,1066.33,996.48,1008.28,-0.0302,,,,,
 2023/06/07,1008.42,1041.52,990.63,1020.86,0.0123,,,,,
 2023/06/08,1016.4,1026,979.83,1002.33,-0.0138,,,,,
 2023/06/09,1003.71,1042.79,984.82,1034.98,0.0312,,,,,
 2023/06/12,1032.95,1061.82,1016.22,1035.27,0.0022,,,,,
 2023/06/13,1031.14,1073.92,1020.11,1050.99,0.0193,,,,,
 2023/06/14,1047.61,1085.18,1033.08,1059.68,0.0115,,,,,
 2023/06/15,1057.81,1082.61,1033.84,1049.15,-0.0082,,,,,
 2023/06/16,1042.09,1084.19,1020.03,1067.88,0.0247,,,,,
 2023/06/19,1072.84,1114.89,1054.96,1092.16,0.018,,,,,
 2023/06/20,1084.96,1126.97,1064.13,1099.46,0.0134,,,,,
 2023/06/21,1091.71,1106.15,1029.24,1033.46,-0.0534,,,,,
 2023/06/26,1019.57,1041.25,969.06,976.76,-0.042,,,,,
 2023/06/27,980,1009.54,963.68,990.69,0.0109,,,,,
 2023/06/28,985.02,1002.55,929.23,968.65,-0.0166,,,,,
 2023/06/29,965.31,1002.51,956.87,985.79,0.0212,,,,,
 2023/06/30,982.44,1002.27,957.91,982.49,0.0001,,,,,
 2023/07/03,984.1,994.76,929.47,951.04,-0.0336,,,,,
 2023/07/04,951.85,982.46,938.4,970.39,0.0195,,,,,
 2023/07/05,968.21,983.95,948.24,956.02,-0.0126,,,,,
 2023/07/06,951.86,986.16,938.53,952.67,0.0009,,,,,
 2023/07/07,949.59,963.59,912.18,938.96,-0.0112,,,,,
 2023/07/10,943.21,956.8,922.46,943.23,0,,,,,
 2023/07/11,943.05,960.7,925.97,944.12,0.0011,,,,,
 2023/07/12,944.13,961.61,915.56,920.79,-0.0247,,,,,
 2023/07/13,924.61,951.6,909.89,938.91,0.0155,,,,,
 2023/07/14,942.15,974.46,934.92,954.12,0.0127,,,,,
 2023/07/17,949.74,958.88,922.75,932.53,-0.0181,,,,,
 2023/07/18,934.79,944.91,912.69,921.48,-0.0142,,,,,
 2023/07/19,924.93,947.47,915.91,928.85,0.0042,,,,,
 2023/07/20,928.87,938.2,899.12,904.31,-0.0264,,,,,
 2023/07/21,901.01,917.11,887.48,897.16,-0.0043,,,,,
 2023/07/24,896.75,917.76,887.62,898.45,0.0019,,,,,
 2023/07/25,907.81,925.71,888.85,906.25,-0.0017,,,,,
 2023/07/26,904.87,908.87,874.97,882.49,-0.0247,,,,,
 2023/07/27,883.09,899.83,867.88,875.5,-0.0086,,,,,
 2023/07/28,871.9,887.03,857.16,875.32,0.0039,,,,,
 2023/07/31,875.17,906.77,862.78,894.08,0.0216,,,,,
 2023/08/01,892.27,905.9,876.76,892.2,-0.0001,,,,,
 2023/08/02,889.59,903.02,877.73,891.74,0.0024,,,,,
 2023/08/03,886.23,899.73,876.45,883.66,-0.0029,,,,,
 2023/08/04,884.06,911.05,877.62,901.02,0.0192,,,,,
 2023/08/07,904.81,928.94,894.45,911.64,0.0075,,,,,
 2023/08/08,909.25,923.81,898.34,907.44,-0.002,,,,,
 2023/08/09,903.76,913.25,878.19,882.04,-0.024,,,,,
 2023/08/10,880.51,896.81,872.71,884.22,0.0042,,,,,
 2023/08/11,886.25,898.44,867.68,869.34,-0.0191,,,,,
 2023/08/14,859.98,899.91,853.91,896.5,0.0425,,,,,
 2023/08/15,897.93,902.06,867.51,877,-0.0233,,,,,
 2023/08/16,875.48,885.16,850,857.98,-0.02,,,,,
 2023/08/17,855.31,875.09,845.04,867.35,0.0141,,,,,
 2023/08/18,865.06,873.05,837.23,838.37,-0.0309,,,,,
 2023/08/21,838.28,855.59,825.45,831.5,-0.0081,,,,,
 2023/08/22,838.7,860.36,821.53,856.95,0.0218,,,,,
 2023/08/23,854.35,864.79,832.59,839.49,-0.0174,,,,,
 2023/08/24,847,877.19,836.32,852.46,0.0064,,,,,
 2023/08/25,843.2,854.68,812.64,822.02,-0.0251,,,,,
 2023/08/28,874.3,881.47,830.41,837.88,-0.0417,,,,,
 2023/08/29,835.73,879.41,829.69,872.38,0.0439,,,,,
 2023/08/30,873.88,903.25,866.17,893.84,0.0228,,,,,
 2023/08/31,889.93,903.16,866.49,880.56,-0.0105,,,,,
 2023/09/01,878.57,891.81,859.45,870.97,-0.0087,,,,,
 2023/09/04,872.06,885.34,855.98,877.47,0.0062,,,,,
 2023/09/05,874.98,883.68,858.89,863.49,-0.0131,,,,,
 2023/09/06,858.69,869.74,841.21,856.47,-0.0026,,,,,
 2023/09/07,856.6,871.28,841.84,846.33,-0.012,,,,,
 2023/09/08,839.46,852.55,820.58,836.27,-0.0038,,,,,
 2023/09/11,840.85,865.66,830.68,852.28,0.0136,,,,,
 2023/09/12,850.11,860.18,837.21,843.62,-0.0076,,,,,
 2023/09/13,839.39,844.61,814.28,823.31,-0.0192,,,,,
 2023/09/14,822.49,827.62,806.07,812.52,-0.0121,,,,,
 2023/09/15,814.85,822.41,801.21,808.47,-0.0078,,,,,
 2023/09/18,805.81,822.73,798.28,811.93,0.0076,,,,,
 2023/09/19,809.85,813.56,793.01,798.09,-0.0145,,,,,
 2023/09/20,795.54,806.37,783.11,786.29,-0.0116,,,,,
 2023/09/21,784.31,793.72,774.82,780.53,-0.0048,,,,,
 2023/09/22,779.21,816.36,774.26,811.94,0.042,,,,,
 2023/09/25,812.51,824.47,798.34,807.59,-0.0061,,,,,
 2023/09/26,808.01,836.59,803.93,820,0.0148,,,,,
 2023/09/27,814.51,830.77,808.7,820.47,0.0073,,,,,
 2023/09/28,821.54,832.75,815.13,822.74,0.0015,,,,,
 2023/10/09,818.67,830.18,801.59,812.35,-0.0077,,,,,
 2023/10/10,814.79,825.92,806.57,813.94,-0.001,,,,,
 2023/10/11,816.27,833,804.17,817.66,0.0017,,,,,
 2023/10/12,822.09,828.13,799.79,806.08,-0.0195,,,,,
 2023/10/13,801.38,808.84,789.56,794.45,-0.0086,,,,,
 2023/10/16,794.2,802,776.83,785.01,-0.0116,,,,,
 2023/10/17,785.85,793.02,774.18,783.6,-0.0029,,,,,
 2023/10/18,779.47,782.74,752.98,765.16,-0.0184,,,,,
 2023/10/19,761.42,782.77,756.22,762.35,0.0012,,,,,
 2023/10/20,758.09,767.62,739.78,744.05,-0.0185,,,,,
 2023/10/23,740.55,746.23,714.69,721.1,-0.0263,,,,,
 2023/10/24,725.62,747.16,717.64,736.46,0.0149,,,,,
 2023/10/25,741.37,758.77,730.45,744.45,0.0042,,,,,
 2023/10/26,738.29,755.12,729.66,749.11,0.0147,,,,,
 2023/10/27,745.08,760.72,734.1,753.63,0.0115,,,,,
 2023/10/30,753.99,775.02,747.52,768.93,0.0198,,,,,
 2023/10/31,778.05,787.73,760.46,769.54,-0.0109,,,,,
 2023/11/01,768.72,798.11,759.81,773.89,0.0067,,,,,
 2023/11/02,776.38,801.02,770.13,783.91,0.0097,,,,,
 2023/11/03,785.74,803.36,771.9,792,0.008,,,,,
 2023/11/06,799.54,833.6,794.34,827.8,0.0353,,,,,
 2023/11/07,829.89,846.42,817.93,833.9,0.0048,,,,,
 2023/11/08,831.64,866.98,826.04,849.73,0.0218,,,,,
 2023/11/09,845.64,859.73,832.42,839.75,-0.007,,,,,
 2023/11/10,834.53,845.67,821.44,828.38,-0.0074,,,,,
 2023/11/13,833.94,854.22,826.94,841.26,0.0088,,,,,
 2023/11/14,841.62,859.92,835.42,853.06,0.0136,,,,,
 2023/11/15,861.39,871.37,838.63,846.52,-0.0173,,,,,
 2023/11/16,841.43,858.42,833.74,844.06,0.0031,,,,,
 2023/11/17,842.25,859.83,833.94,848.79,0.0078,,,,,
 2023/11/20,850.5,867.93,840.24,858.65,0.0096,,,,,
 2023/11/21,866.92,885.33,853.22,866.81,-0.0001,,,,,
 2023/11/22,863.26,883.77,852.84,858.61,-0.0054,,,,,
 2023/11/23,856.62,866.21,835.94,852.87,-0.0044,,,,,
 2023/11/24,852.07,861.14,826.32,831.28,-0.0244,,,,,
 2023/11/27,826.45,839.95,814.3,824,-0.003,,,,,
 2023/11/28,822.65,834.87,810.35,826.58,0.0048,,,,,
 2023/11/29,824.84,831.06,810.17,815.48,-0.0113,,,,,
 2023/11/30,814.54,821.74,799.82,809.76,-0.0059,,,,,
 2023/12/01,811.79,854.72,807.3,849.24,0.0461,,,,,
 2023/12/04,853.26,877.42,843.16,860.71,0.0087,,,,,
 2023/12/05,859.33,864.82,826.61,830.71,-0.0333,,,,,
 2023/12/06,826.06,857.68,812.55,842.64,0.0201,,,,,
 2023/12/07,844.79,880.24,837.06,863.95,0.0227,,,,,
 2023/12/08,861.02,881.83,846.36,865.53,0.0052,,,,,
 2023/12/11,859.04,893.11,848.82,886.59,0.0321,,,,,
 2023/12/12,892.09,909.66,876.61,887.08,-0.0056,,,,,
 2023/12/13,883.03,898.21,868.59,873.52,-0.0108,,,,,
 2023/12/14,876.84,892.67,863.8,868.69,-0.0093,,,,,
 2023/12/15,870.72,886.56,852.84,869.65,-0.0012,,,,,
 2023/12/18,869.06,879.38,847.84,854.82,-0.0164,,,,,
 2023/12/19,852.24,877.23,844.6,865.59,0.0157,,,,,
 2023/12/20,866.92,876.55,837.34,840.34,-0.0307,,,,,
 2023/12/21,831.83,857.75,824.5,849.67,0.0214,,,,,
 2023/12/22,847.15,855.83,792.23,799.87,-0.0558,,,,,
 2023/12/25,783.07,798.27,766.57,780.1,-0.0038,,,,1165.6,
 2023/12/26,780.64,790.21,756.02,766.92,-0.0176,,,,,
 2023/12/27,769.74,782.78,752.2,763.82,-0.0077,,,,,
 2023/12/28,760.33,781.91,746.38,774.83,0.0191,,,,,
 2023/12/29,774.55,807.04,770.73,798.5,0.0309,,,,,
